T,r,a,v,e,l, ,T,o,u,r,i,s,m, ,S,i,t,e
S,e,e, ,h,i,s,t,o,r,i,c,a,l, ,s,n,a,p,s,h,o,t, ,h,i,s,t,o,r,i,c,a,l, ,s,n,a,p,s,h,o,t, ,h,t,t,p,w,e,b,a,r,c,h,i,v,e,o,r,g,w,e,b,2,0,0,8,0,1,2,0,0,4,4,7,1,6,h,t,t,p,w,w,w,1,8,0,0,a,r,k,a,n,s,a,s,c,o,m
2,1,1, ,V,I,R,G,I,N,I,A, ,s,e,r,v,i,c,e, ,V,I,R,G,I,N,I,A, ,s,e,r,v,i,c,e, ,D,e,p,a,r,t,m,e,n,t, ,s,e,r,v,i,c,e, ,D,e,p,a,r,t,m,e,n,t, ,S,o,c,i,a,l, ,D,e,p,a,r,t,m,e,n,t, ,S,o,c,i,a,l, ,S,e,r,v,i,c,e,s, ,S,o,c,i,a,l, ,S,e,r,v,i,c,e,s, ,p,r,o,v,i,d,e,d, ,S,e,r,v,i,c,e,s, ,p,r,o,v,i,d,e,d, ,p,a,r,t,n,e,r,s,h,i,p, ,p,r,o,v,i,d,e,d, ,p,a,r,t,n,e,r,s,h,i,p, ,C,o,u,n,c,i,l, ,p,a,r,t,n,e,r,s,h,i,p, ,C,o,u,n,c,i,l, ,C,o,m,m,u,n,i,t,y, ,C,o,u,n,c,i,l, ,C,o,m,m,u,n,i,t,y, ,S,e,r,v,i,c,e,s
2,1,1, ,V,I,R,G,I,N,I,A, ,s,e,r,v,i,c,e, ,V,I,R,G,I,N,I,A, ,s,e,r,v,i,c,e, ,D,e,p,a,r,t,m,e,n,t, ,s,e,r,v,i,c,e, ,D,e,p,a,r,t,m,e,n,t, ,S,o,c,i,a,l, ,D,e,p,a,r,t,m,e,n,t, ,S,o,c,i,a,l, ,S,e,r,v,i,c,e,s, ,S,o,c,i,a,l, ,S,e,r,v,i,c,e,s, ,p,r,o,v,i,d,e,d, ,S,e,r,v,i,c,e,s, ,p,r,o,v,i,d,e,d, ,p,a,r,t,n,e,r,s,h,i,p, ,p,r,o,v,i,d,e,d, ,p,a,r,t,n,e,r,s,h,i,p, ,C,o,u,n,c,i,l, ,p,a,r,t,n,e,r,s,h,i,p, ,C,o,u,n,c,i,l, ,C,o,m,m,u,n,i,t,y, ,C,o,u,n,c,i,l, ,C,o,m,m,u,n,i,t,y, ,S,e,r,v,i,c,e,s
4,t,h, ,J,u,d,i,c,i,a,l, ,D,i,s,t,r,i,c,t, ,J,u,d,i,c,i,a,l, ,D,i,s,t,r,i,c,t, ,A,t,t,o,r,n,e,y
5,1,1, ,N,Y, ,S,t,a,t,e, ,N,Y, ,S,t,a,t,e, ,D,e,p,a,r,t,m,e,n,t, ,S,t,a,t,e, ,D,e,p,a,r,t,m,e,n,t, ,T,r,a,n,s,p,o,r,t,a,t,i,o,n
S,t,a,t,e, ,m,i,r,r,o,r, ,w,e,b,s,i,t,e, ,m,i,r,r,o,r, ,w,e,b,s,i,t,e, ,w,w,w,i,d,a,h,o,g,o,v
C,o,o,p,e,r,a,t,i,v,e, ,E,x,t,e,n,s,i,o,n, ,S,y,s,t,e,m
C,o,o,p,e,r,a,t,i,v,e, ,E,x,t,e,n,s,i,o,n, ,P,u,b,l,i,c,a,t,i,o,n,s

D,e,p,a,r,t,m,e,n,t, ,P,u,b,l,i,c, ,H,e,a,l,t,h
U,n,i,v,e,r,s,i,t,y, ,C,e,n,t,e,r, ,A,g,r,i,c,u,l,t,u,r,e, ,C,e,n,t,e,r, ,A,g,r,i,c,u,l,t,u,r,e, ,R,e,s,e,a,r,c,h, ,A,g,r,i,c,u,l,t,u,r,e, ,R,e,s,e,a,r,c,h, ,E,x,t,e,n,s,i,o,n
A,M, ,A,g,r,i,L,i,f,e, ,E,x,t,e,n,s,i,o,n
H,o,u,s,i,n,g, ,F,i,n,a,n,c,e, ,A,u,t,h,o,r,i,t,y
H,o,u,s,i,n,g, ,F,i,n,a,n,c,e, ,C,o,r,p,o,r,a,t,i,o,n
I,n,d,u,s,t,r,i,a,l, ,D,e,v,e,l,o,p,m,e,n,t, ,E,x,p,o,r,t, ,D,e,v,e,l,o,p,m,e,n,t, ,E,x,p,o,r,t, ,A,u,t,h,o,r,i,t,y
A,l,a,s,k,a,s, ,D,e,p,a,r,t,m,e,n,t, ,M,i,l,i,t,a,r,y, ,D,e,p,a,r,t,m,e,n,t, ,M,i,l,i,t,a,r,y, ,V,e,t,e,r,a,n,s, ,M,i,l,i,t,a,r,y, ,V,e,t,e,r,a,n,s, ,A,f,f,a,i,r,s, ,V,e,t,e,r,a,n,s, ,A,f,f,a,i,r,s, ,D,i,v,i,s,i,o,n, ,A,f,f,a,i,r,s, ,D,i,v,i,s,i,o,n, ,H,o,m,e,l,a,n,d, ,D,i,v,i,s,i,o,n, ,H,o,m,e,l,a,n,d, ,S,e,c,u,r,i,t,y, ,H,o,m,e,l,a,n,d, ,S,e,c,u,r,i,t,y, ,E,m,e,r,g,e,n,c,y, ,S,e,c,u,r,i,t,y, ,E,m,e,r,g,e,n,c,y, ,M,a,n,a,g,e,m,e,n,t
A,e,r,o,s,p,a,c,e, ,C,o,r,p,o,r,a,t,i,o,n, ,B,o,a,r,d, ,C,o,r,p,o,r,a,t,i,o,n, ,B,o,a,r,d, ,d,i,r,e,c,t,o,r,s, ,B,o,a,r,d, ,d,i,r,e,c,t,o,r,s, ,a,p,p,o,i,n,t,e,d, ,d,i,r,e,c,t,o,r,s, ,a,p,p,o,i,n,t,e,d, ,A,l,a,s,k,a, ,a,p,p,o,i,n,t,e,d, ,A,l,a,s,k,a, ,g,o,v,e,r,n,o,r

P,u,b,l,i,c, ,B,r,o,a,d,c,a,s,t,i,n,g, ,C,o,m,m,i,s,s,i,o,n

T,r,a,v,e,l, ,T,o,u,r,i,s,m, ,S,i,t,e
N,a,t,i,o,n,a,l, ,G,u,a,r,d, ,C,o,u,n,t,e,r,d,r,u,g, ,G,u,a,r,d, ,C,o,u,n,t,e,r,d,r,u,g, ,P,r,o,g,r,a,m

A,l,a,b,a,m,a,s, ,L,e,g,a,l, ,I,n,f,o,r,m,a,t,i,o,n, ,L,e,g,a,l, ,I,n,f,o,r,m,a,t,i,o,n, ,C,e,n,t,e,r

S,e,a,f,o,o,d, ,M,a,r,k,e,t,i,n,g, ,I,n,s,t,i,t,u,t,e
S,t,a,t,e, ,B,o,a,r,d, ,M,e,d,i,c,a,l, ,B,o,a,r,d, ,M,e,d,i,c,a,l, ,E,x,a,m,i,n,e,r,s, ,M,e,d,i,c,a,l, ,E,x,a,m,i,n,e,r,s, ,a,d,m,i,n,i,s,t,r,a,t,i,v,e, ,E,x,a,m,i,n,e,r,s, ,a,d,m,i,n,i,s,t,r,a,t,i,v,e, ,r,e,g,u,l,a,t,o,r,y, ,a,d,m,i,n,i,s,t,r,a,t,i,v,e, ,r,e,g,u,l,a,t,o,r,y, ,a,g,e,n,c,y, ,r,e,g,u,l,a,t,o,r,y, ,a,g,e,n,c,y, ,s,t,a,t,e, ,a,g,e,n,c,y, ,s,t,a,t,e, ,A,l,a,b,a,m,a, ,s,t,a,t,e, ,A,l,a,b,a,m,a, ,M,e,d,i,c,a,l, ,A,l,a,b,a,m,a, ,M,e,d,i,c,a,l, ,L,i,c,e,n,s,u,r,e, ,M,e,d,i,c,a,l, ,L,i,c,e,n,s,u,r,e, ,C,o,m,m,i,s,s,i,o,n, ,L,i,c,e,n,s,u,r,e, ,C,o,m,m,i,s,s,i,o,n, ,A,l,a,b,a,m,a

S,t,a,t,e, ,D,e,p,a,r,t,m,e,n,t, ,E,d,u,c,a,t,i,o,n
T,r,a,v,e,l, ,T,o,u,r,i,s,m, ,S,i,t,e

A,g,e,n,c,y, ,P,e,r,s,o,n,s, ,D,i,s,a,b,i,l,i,t,i,e,s, ,P,e,r,s,o,n,s, ,D,i,s,a,b,i,l,i,t,i,e,s, ,A,P,D
P,e,r,m,a,n,e,n,t, ,F,u,n,d, ,C,o,r,p,o,r,a,t,i,o,n
P,u,b,l,i,c, ,S,e,r,v,i,c,e, ,C,o,m,m,i,s,s,i,o,n
A,R,B,e,n,e,f,i,t,s,f,o,r, ,S,t,a,t,e, ,P,u,b,l,i,c, ,S,t,a,t,e, ,P,u,b,l,i,c, ,S,c,h,o,o,l, ,P,u,b,l,i,c, ,S,c,h,o,o,l, ,P,l,a,n, ,S,c,h,o,o,l, ,P,l,a,n, ,M,e,m,b,e,r,s,P,r,o,v,i,d,e,d, ,P,l,a,n, ,M,e,m,b,e,r,s,P,r,o,v,i,d,e,d, ,E,m,p,l,o,y,e,e, ,M,e,m,b,e,r,s,P,r,o,v,i,d,e,d, ,E,m,p,l,o,y,e,e, ,B,e,n,e,f,i,t, ,E,m,p,l,o,y,e,e, ,B,e,n,e,f,i,t, ,D,i,v,i,s,i,o,n, ,B,e,n,e,f,i,t, ,D,i,v,i,s,i,o,n, ,A,r,k,a,n,s,a,s, ,D,i,v,i,s,i,o,n, ,A,r,k,a,n,s,a,s, ,D,e,p,a,r,t,m,e,n,t, ,A,r,k,a,n,s,a,s, ,D,e,p,a,r,t,m,e,n,t, ,F,i,n,a,n,c,e, ,D,e,p,a,r,t,m,e,n,t, ,F,i,n,a,n,c,e, ,A,d,m,i,n,i,s,t,r,a,t,i,o,n
F,i,r,e, ,P,r,o,t,e,c,t,i,o,n, ,L,i,c,e,n,s,i,n,g, ,P,r,o,t,e,c,t,i,o,n, ,L,i,c,e,n,s,i,n,g, ,B,o,a,r,d

T,r,a,v,e,l, ,T,o,u,r,i,s,m, ,S,i,t,e

A,r,i,z,o,n,a,s, ,W,o,r,k,f,o,r,c,e, ,C,o,n,n,e,c,t,i,o,n

T,r,a,v,e,l, ,T,o,u,r,i,s,m, ,S,i,t,e
C,h,i,l,d,r,e,n,s, ,T,r,u,s,t, ,F,u,n,d

E,c,o,n,o,m,i,c, ,D,e,v,e,l,o,p,m,e,n,t, ,C,o,o,r,p,o,r,a,t,i,o,n, ,D,e,v,e,l,o,p,m,e,n,t, ,C,o,o,r,p,o,r,a,t,i,o,n, ,A,E,D,C

A,R,K,i,d,s, ,F,i,r,s,t, ,h,e,a,l,t,h, ,F,i,r,s,t, ,h,e,a,l,t,h, ,i,n,s,u,r,a,n,c,e
L,i,v,e,s,t,o,c,k, ,P,o,u,l,t,r,y, ,C,o,m,m,i,s,s,i,o,n
S,t,a,t,e, ,M,e,d,i,c,a,l, ,B,o,a,r,d
S,t,a,t,e, ,B,o,a,r,d, ,O,p,t,o,m,e,t,r,y
S,t,a,t,e, ,B,o,a,r,d, ,P,h,y,s,i,c,a,l, ,B,o,a,r,d, ,P,h,y,s,i,c,a,l, ,T,h,e,r,a,p,y
S,t,a,t,e, ,B,o,a,r,d, ,C,o,l,l,e,c,t,i,o,n, ,B,o,a,r,d, ,C,o,l,l,e,c,t,i,o,n, ,A,g,e,n,c,i,e,s
S,t,a,t,e, ,P,o,r,t, ,A,u,t,h,o,r,i,t,y
T,e,r,r,i,t,o,r,i,a,l, ,E,n,e,r,g,y, ,O,f,f,i,c,e
S,t,a,t,e, ,P,u,b,l,i,c, ,S,e,r,v,i,c,e, ,P,u,b,l,i,c, ,S,e,r,v,i,c,e, ,C,o,m,m,i,s,s,i,o,n,‚,Ä,ô,s, ,S,e,r,v,i,c,e, ,C,o,m,m,i,s,s,i,o,n,‚,Ä,ô,s, ,C,o,n,s,u,m,e,r, ,C,o,m,m,i,s,s,i,o,n,‚,Ä,ô,s, ,C,o,n,s,u,m,e,r, ,W,e,b, ,C,o,n,s,u,m,e,r, ,W,e,b, ,S,i,t,e
S,t,a,t,e, ,A,s,s,e,m,b,l,y, ,D,e,m,o,c,r,a,t,i,c, ,A,s,s,e,m,b,l,y, ,D,e,m,o,c,r,a,t,i,c, ,C,a,u,c,u,s
A,s,s,i,s,t,i,v,e, ,T,e,c,h,n,o,l,o,g,y, ,L,o,a,n, ,T,e,c,h,n,o,l,o,g,y, ,L,o,a,n, ,F,u,n,d, ,L,o,a,n, ,F,u,n,d, ,A,u,t,h,o,r,i,t,y, ,F,u,n,d, ,A,u,t,h,o,r,i,t,y, ,T,h,e, ,A,u,t,h,o,r,i,t,y, ,T,h,e, ,a,u,t,h,o,r,i,t,y, ,T,h,e, ,a,u,t,h,o,r,i,t,y, ,o,f,f,e,r,s, ,a,u,t,h,o,r,i,t,y, ,o,f,f,e,r,s, ,l,o,w, ,o,f,f,e,r,s, ,l,o,w, ,i,n,t,e,r,e,s,t, ,l,o,w, ,i,n,t,e,r,e,s,t, ,l,o,a,n,s, ,i,n,t,e,r,e,s,t, ,l,o,a,n,s, ,v,a,r,i,e,t,y, ,l,o,a,n,s, ,v,a,r,i,e,t,y, ,s,p,e,c,i,a,l, ,v,a,r,i,e,t,y, ,s,p,e,c,i,a,l, ,e,q,u,i,p,m,e,n,t, ,s,p,e,c,i,a,l, ,e,q,u,i,p,m,e,n,t, ,e,l,i,g,i,b,l,e, ,e,q,u,i,p,m,e,n,t, ,e,l,i,g,i,b,l,e, ,a,p,p,l,i,c,a,n,t,s, ,e,l,i,g,i,b,l,e, ,a,p,p,l,i,c,a,n,t,s, ,S,e,e, ,a,p,p,l,i,c,a,n,t,s, ,S,e,e, ,e,s,t,a,b,l,i,s,h,i,n,g, ,S,e,e, ,e,s,t,a,b,l,i,s,h,i,n,g, ,l,a,w, ,e,s,t,a,b,l,i,s,h,i,n,g, ,l,a,w, ,h,t,t,p,l,a,w,l,i,s,v,i,r,g,i,n,i,a,g,o,v,a,u,t,h,o,r,i,t,i,e,s,a,s,s,i,s,t,i,v,e,t,e,c,h,n,o,l,o,g,y,l,o,a,n,f,u,n,d,a,u,t,h,o,r,i,t,y,a,t,l,f,a
B,o,a,r,d, ,B,e,h,a,v,i,o,r,a,l, ,H,e,a,l,t,h, ,B,e,h,a,v,i,o,r,a,l, ,H,e,a,l,t,h, ,E,x,a,m,i,n,e,r,s

S,t,a,t,e, ,B,o,a,r,d, ,D,e,n,t,a,l, ,B,o,a,r,d, ,D,e,n,t,a,l, ,E,x,a,m,i,n,e,r,s


V,i,l,l,a,g,e, ,B,a,x,t,e,r, ,E,s,t,a,t,e,s
B,o,a,r,d, ,M,a,s,s,a,g,e, ,B,o,d,y,w,o,r,k, ,M,a,s,s,a,g,e, ,B,o,d,y,w,o,r,k, ,T,h,e,r,a,p,y
N,C, ,m,u,s,e,u,m, ,n,a,t,u,r,a,l, ,m,u,s,e,u,m, ,n,a,t,u,r,a,l, ,s,c,i,e,n,c,e,s

H,u,m,a,n,i,t,i,e,s, ,i,n,d,e,p,e,n,d,e,n,t, ,n,o,n,p,r,o,f,i,t, ,i,n,d,e,p,e,n,d,e,n,t, ,n,o,n,p,r,o,f,i,t, ,p,a,r,t,n,e,r, ,n,o,n,p,r,o,f,i,t, ,p,a,r,t,n,e,r, ,N,a,t,i,o,n,a,l, ,p,a,r,t,n,e,r, ,N,a,t,i,o,n,a,l, ,E,n,d,o,w,m,e,n,t, ,N,a,t,i,o,n,a,l, ,E,n,d,o,w,m,e,n,t, ,H,u,m,a,n,i,t,i,e,s

C,A, ,S,t,a,t,e, ,I,n,d,e,p,e,n,d,e,n,t, ,S,t,a,t,e, ,I,n,d,e,p,e,n,d,e,n,t, ,L,i,v,i,n,g, ,I,n,d,e,p,e,n,d,e,n,t, ,L,i,v,i,n,g, ,C,o,u,n,s,e,l, ,L,i,v,i,n,g, ,C,o,u,n,s,e,l, ,a,d,v,o,c,a,t,e,s, ,C,o,u,n,s,e,l, ,a,d,v,o,c,a,t,e,s, ,p,e,r,s,o,n,s, ,a,d,v,o,c,a,t,e,s, ,p,e,r,s,o,n,s, ,d,i,s,a,b,i,l,i,t,i,e,s, ,p,e,r,s,o,n,s, ,d,i,s,a,b,i,l,i,t,i,e,s, ,e,n,a,b,l,e, ,d,i,s,a,b,i,l,i,t,i,e,s, ,e,n,a,b,l,e, ,l,i,v,e, ,e,n,a,b,l,e, ,l,i,v,e, ,i,n,d,e,p,e,n,d,e,n,t,l,y, ,l,i,v,e, ,i,n,d,e,p,e,n,d,e,n,t,l,y, ,n
S,t,a,t,e, ,T,e,a,c,h,e,r,s, ,R,e,t,i,r,e,m,e,n,t, ,T,e,a,c,h,e,r,s, ,R,e,t,i,r,e,m,e,n,t, ,S,y,s,t,e,m

C,a,s,w,e,l,l, ,D,e,v,e,l,o,p,m,e,n,t,a,l, ,C,e,n,t,e,r
E,n,v,i,r,o,n,m,e,n,t,a,l, ,H,e,a,l,t,h, ,T,r,a,c,k,i,n,g, ,H,e,a,l,t,h, ,T,r,a,c,k,i,n,g, ,P,r,o,g,r,a,m
U,n,i,v, ,E,x,t,e,n,s,i,o,n, ,w,e,b,s,i,t,e
H,a,w,a,i,i,P,a,c,i,f,i,c, ,A,r,e,a, ,C,o,m,b,i,n,e,d, ,A,r,e,a, ,C,o,m,b,i,n,e,d, ,F,e,d,e,r,a,l, ,C,o,m,b,i,n,e,d, ,F,e,d,e,r,a,l, ,C,a,m,p,a,i,g,n, ,F,e,d,e,r,a,l, ,C,a,m,p,a,i,g,n, ,g,e,o,g,r,a,p,h,i,c, ,C,a,m,p,a,i,g,n, ,g,e,o,g,r,a,p,h,i,c, ,a,r,e,a, ,g,e,o,g,r,a,p,h,i,c, ,a,r,e,a, ,i,n,c,l,u,d,e,s, ,a,r,e,a, ,i,n,c,l,u,d,e,s, ,S,t,a,t,e, ,i,n,c,l,u,d,e,s, ,S,t,a,t,e, ,H,a,w,a,i,i


C,h,e,s,a,p,e,a,k,e, ,B,a,y, ,P,r,o,g,r,a,m
P,e,n,n,s,y,l,v,a,n,i,a,s, ,C,h,i,l,d,r,e,n,s, ,H,e,a,l,t,h, ,C,h,i,l,d,r,e,n,s, ,H,e,a,l,t,h, ,I,n,s,u,r,a,n,c,e, ,H,e,a,l,t,h, ,I,n,s,u,r,a,n,c,e, ,P,r,o,g,r,a,m, ,I,n,s,u,r,a,n,c,e, ,P,r,o,g,r,a,m, ,C,H,I,P
D,e,p,a,r,t,m,e,n,t, ,B,u,s,i,n,e,s,s, ,E,c,o,n,o,m,i,c, ,B,u,s,i,n,e,s,s, ,E,c,o,n,o,m,i,c, ,D,e,v,e,l,o,p,m,e,n,t
H,i,s,t,o,r,i,c,a,l, ,S,o,c,i,e,t,y,M,u,s,e,u,m, ,L,i,b,r,a,r,y


C,o,m,m,i,s,s,i,o,n, ,L,a,w, ,E,n,f,o,r,c,e,m,e,n,t, ,L,a,w, ,E,n,f,o,r,c,e,m,e,n,t, ,S,t,a,n,d,a,r,d,s, ,E,n,f,o,r,c,e,m,e,n,t, ,S,t,a,n,d,a,r,d,s, ,T,r,a,i,n,i,n,g
C,o,l,i,s,e,u,m, ,B,o,u,l,e,v,a,r,d, ,P,l,u,m,e, ,B,o,u,l,e,v,a,r,d, ,P,l,u,m,e, ,C,B,P
T,r,a,v,e,l, ,T,o,u,r,i,s,m, ,S,i,t,e

N,o, ,C,a,l,l, ,p,r,o,g,r,a,m, ,C,a,l,l, ,p,r,o,g,r,a,m, ,A, ,p,r,o,g,r,a,m, ,A, ,p,r,i,v,a,t,e, ,A, ,p,r,i,v,a,t,e, ,c,o,m,p,a,n,y
U,p,p,e,r, ,C,o,l,o,r,a,d,o, ,R,i,v,e,r, ,C,o,l,o,r,a,d,o, ,R,i,v,e,r, ,E,n,d,a,n,g,e,r,e,d, ,R,i,v,e,r, ,E,n,d,a,n,g,e,r,e,d, ,F,i,s,h, ,E,n,d,a,n,g,e,r,e,d, ,F,i,s,h, ,R,e,c,o,v,e,r,y, ,F,i,s,h, ,R,e,c,o,v,e,r,y, ,P,r,o,g,r,a,m
D,O,T, ,C,o,m,p,l,e,t,e, ,S,t,r,e,e,t,s

C,r,a,w,f,i,s,h, ,P,r,o,m,o,t,i,o,n, ,R,e,s,e,a,r,c,h, ,P,r,o,m,o,t,i,o,n, ,R,e,s,e,a,r,c,h, ,B,o,a,r,d, ,R,e,s,e,a,r,c,h, ,B,o,a,r,d, ,L,C,P,R,B

S,t,a,t,e, ,T,r,e,a,s,u,r,y, ,U,n,c,l,a,i,m,e,d, ,T,r,e,a,s,u,r,y, ,U,n,c,l,a,i,m,e,d, ,P,r,o,p,e,r,t,y, ,U,n,c,l,a,i,m,e,d, ,P,r,o,p,e,r,t,y, ,O,w,n,e,r,s, ,P,r,o,p,e,r,t,y, ,O,w,n,e,r,s, ,L,i,s,t
C,e,n,t,e,r, ,T,e,c,h,n,o,l,o,g,y, ,U,n,i,v,e,r,s,i,t,y, ,T,e,c,h,n,o,l,o,g,y, ,U,n,i,v,e,r,s,i,t,y, ,A,l,b,a,n,y


T,r,a,v,e,l, ,T,o,u,r,i,s,m, ,S,i,t,e
C,l,e,a,n, ,W,a,t,e,r, ,M,a,n,a,g,e,m,e,n,t, ,W,a,t,e,r, ,M,a,n,a,g,e,m,e,n,t, ,T,r,u,s,t, ,M,a,n,a,g,e,m,e,n,t, ,T,r,u,s,t, ,F,u,n,d
I,L, ,S,e,c,r,e,t,a,r,y, ,S,t,a,t,e

D,i,v,i,s,i,o,n, ,E,m,p,l,o,y,m,e,n,t, ,S,e,c,u,r,i,t,y, ,E,m,p,l,o,y,m,e,n,t, ,S,e,c,u,r,i,t,y, ,D,E,S

A,b,o,u,t, ,D,i,g,i,t,a,l, ,R,e,p,o,s,i,t,o,r,y, ,D,i,g,i,t,a,l, ,R,e,p,o,s,i,t,o,r,y, ,T,h,e, ,R,e,p,o,s,i,t,o,r,y, ,T,h,e, ,D,i,g,i,t,a,l, ,T,h,e, ,D,i,g,i,t,a,l, ,M,a,i,n,e, ,D,i,g,i,t,a,l, ,M,a,i,n,e, ,R,e,p,o,s,i,t,o,r,y, ,M,a,i,n,e, ,R,e,p,o,s,i,t,o,r,y, ,o,n,e, ,R,e,p,o,s,i,t,o,r,y, ,o,n,e, ,s,e,v,e,r,a,l, ,o,n,e, ,s,e,v,e,r,a,l, ,s,e,r,v,i,c,e,s, ,s,e,v,e,r,a,l, ,s,e,r,v,i,c,e,s, ,M,a,i,n,e, ,s,e,r,v,i,c,e,s, ,M,a,i,n,e, ,S,t,a,t,e, ,M,a,i,n,e, ,S,t,a,t,e, ,L,i,b,r,a,r,y, ,S,t,a,t,e, ,L,i,b,r,a,r,y, ,f,a,c,i,l,i,t,a,t,e, ,L,i,b,r,a,r,y, ,f,a,c,i,l,i,t,a,t,e, ,d,i,g,i,t,i,z,a,t,i,o,n, ,f,a,c,i,l,i,t,a,t,e, ,d,i,g,i,t,i,z,a,t,i,o,n, ,e,n,h,a,n,c,e,d, ,d,i,g,i,t,i,z,a,t,i,o,n, ,e,n,h,a,n,c,e,d, ,a,c,c,e,s,s, ,e,n,h,a,n,c,e,d, ,a,c,c,e,s,s, ,c,o,l,l,e,c,t,i,o,n,s, ,a,c,c,e,s,s, ,c,o,l,l,e,c,t,i,o,n,s, ,r,e,l,a,t,e,d, ,c,o,l,l,e,c,t,i,o,n,s, ,r,e,l,a,t,e,d, ,M,a,i,n,e, ,r,e,l,a,t,e,d, ,M,a,i,n,e, ,h,i,s,t,o,r,y
T,r,a,v,e,l, ,T,o,u,r,i,s,m, ,S,i,t,e
T,r,a,v,e,l, ,T,o,u,r,i,s,m, ,S,i,t,e
D,e,p,a,r,t,m,e,n,t, ,M,o,t,o,r, ,V,e,h,i,c,l,e,s

N,C, ,D,e,p,t, ,R,e,v,e,n,u,e
D,r,i,v,i,n,g,9,5, ,C,o,r,r,i,d,o,r, ,P,l,a,n,n,i,n,g, ,C,o,r,r,i,d,o,r, ,P,l,a,n,n,i,n,g, ,F,i,n,a,n,c,e, ,P,l,a,n,n,i,n,g, ,F,i,n,a,n,c,e, ,S,t,u,d,y, ,F,i,n,a,n,c,e, ,S,t,u,d,y, ,w,e,b,s,i,t,e
N,a,t,i,o,n,a,l, ,G,u,a,r,d, ,D,r,u,g, ,G,u,a,r,d, ,D,r,u,g, ,C,o,n,t,r,o,l, ,D,r,u,g, ,C,o,n,t,r,o,l, ,P,r,o,g,r,a,m
m,y,e,a,t,s,m,a,r,t,m,o,v,e,m,o,r,e,c,o,m, ,c,o,n,s,u,m,e,r, ,s,i,t,e, ,c,o,n,s,u,m,e,r, ,s,i,t,e, ,e,a,t,s,m,a,r,t,m,o,v,e,m,o,r,e,n,c,c,o,m, ,s,i,t,e, ,e,a,t,s,m,a,r,t,m,o,v,e,m,o,r,e,n,c,c,o,m, ,p,r,o,g,r,a,m, ,e,a,t,s,m,a,r,t,m,o,v,e,m,o,r,e,n,c,c,o,m, ,p,r,o,g,r,a,m, ,s,i,t,e
E,d,u,c,a,t,i,o,n,a,l, ,C,o,m,m,u,n,i,c,a,t,i,o,n,s, ,B,o,a,r,d, ,C,o,m,m,u,n,i,c,a,t,i,o,n,s, ,B,o,a,r,d, ,W,I
E,n,v,i,r,o,n,m,e,n,t,a,l, ,H,e,a,r,i,n,g, ,B,o,a,r,d
E,n,v,i,r,o,n,m,e,n,t,a,l, ,H,e,a,l,t,h, ,O,f,f,i,c,e,r, ,H,e,a,l,t,h, ,O,f,f,i,c,e,r, ,P,r,o,f,e,s,s,i,o,n,a,l, ,O,f,f,i,c,e,r, ,P,r,o,f,e,s,s,i,o,n,a,l, ,A,d,v,i,s,o,r,y, ,P,r,o,f,e,s,s,i,o,n,a,l, ,A,d,v,i,s,o,r,y, ,C,o,m,m,i,t,t,e,e
O,f,f,i,c,e, ,S,t,a,t,e, ,L,o,n,g,T,e,r,m, ,S,t,a,t,e, ,L,o,n,g,T,e,r,m, ,C,a,r,e, ,L,o,n,g,T,e,r,m, ,C,a,r,e, ,O,m,b,u,d,s,m,a,n
S,t,a,t,e, ,U,n,i,v,e,r,s,i,t,y, ,E,x,t,e,n,s,i,o,n,E,n,e,r,g,y, ,U,n,i,v,e,r,s,i,t,y, ,E,x,t,e,n,s,i,o,n,E,n,e,r,g,y, ,P,r,o,g,r,a,m
T,h,e, ,E,n,e,r,g,y, ,S,e,c,t,i,o,n, ,E,n,e,r,g,y, ,S,e,c,t,i,o,n, ,D,i,v,i,s,i,o,n, ,S,e,c,t,i,o,n, ,D,i,v,i,s,i,o,n, ,E,n,e,r,g,y

e,n,v,i,r,o,n,m,e,n,t,a,l, ,h,e,l,p, ,w,e,b,s,i,t,e, ,h,e,l,p, ,w,e,b,s,i,t,e, ,N,C

T,h,i,s, ,s,i,t,e, ,e,a,s,t,w,e,s,t, ,s,i,t,e, ,e,a,s,t,w,e,s,t, ,g,a,t,e,w,a,y, ,e,a,s,t,w,e,s,t, ,g,a,t,e,w,a,y, ,C,o,u,n,c,i,l, ,g,a,t,e,w,a,y, ,C,o,u,n,c,i,l, ,G,o,v,e,r,n,m,e,n,t, ,C,o,u,n,c,i,l, ,G,o,v,e,r,n,m,e,n,t, ,b,i,s,t,a,t,e, ,G,o,v,e,r,n,m,e,n,t, ,b,i,s,t,a,t,e, ,S,t, ,b,i,s,t,a,t,e, ,S,t, ,L,o,u,i,s, ,S,t, ,L,o,u,i,s, ,a,r,e,a
E,x,e,c,u,t,i,v,e, ,A,c,t,i,o,n, ,T,e,a,m, ,A,c,t,i,o,n, ,T,e,a,m, ,E,X,A,C,T, ,T,e,a,m, ,E,X,A,C,T, ,M,u,l,t,i,l,a,t,e,r,a,l, ,E,X,A,C,T, ,M,u,l,t,i,l,a,t,e,r,a,l, ,W,o,r,k,i,n,g, ,M,u,l,t,i,l,a,t,e,r,a,l, ,W,o,r,k,i,n,g, ,G,r,o,u,p, ,W,o,r,k,i,n,g, ,G,r,o,u,p, ,W,a,t,e,r, ,G,r,o,u,p, ,W,a,t,e,r, ,R,e,s,o,u,r,c,e,s
T,r,a,v,e,l, ,t,o,u,r,i,s,m, ,s,i,t,e, ,t,o,u,r,i,s,m, ,s,i,t,e, ,S,t,a,t,e
T,r,a,v,e,l, ,T,o,u,r,i,s,m, ,S,i,t,e
T,r,a,v,e,l, ,t,o,u,r,i,s,m, ,s,i,t,e, ,t,o,u,r,i,s,m, ,s,i,t,e, ,s,t,a,t,e, ,s,i,t,e, ,s,t,a,t,e, ,h,o,s,t,e,d, ,s,t,a,t,e, ,h,o,s,t,e,d, ,E,x,p,l,o,r,e, ,h,o,s,t,e,d, ,E,x,p,l,o,r,e, ,M,i,n,n,e,s,o,t,a, ,E,x,p,l,o,r,e, ,M,i,n,n,e,s,o,t,a, ,T,o,u,r,i,s,m

S,t,a,t,e, ,U,n,i,v,e,r,s,i,t,y, ,E,x,t,e,n,s,i,o,n
U,n,i,v,e,r,s,i,t,y, ,E,x,t,e,n,s,i,o,n, ,S,e,r,v,i,c,e
S,t,a,t,e, ,U,n,i,v,e,r,s,i,t,y, ,E,x,t,e,n,s,i,o,n

C,o,o,p,e,r,a,t,i,v,e, ,E,x,t,e,n,s,i,o,n, ,S,e,r,v,i,c,e
S,t,a,t,e, ,U,n,i,v,e,r,s,i,t,y, ,E,x,t,e,n,s,i,o,n, ,U,n,i,v,e,r,s,i,t,y, ,E,x,t,e,n,s,i,o,n, ,S,e,r,v,i,c,e
P,e,n,n, ,S,t,a,t,e, ,E,x,t,e,n,s,i,o,n
P,u,r,d,u,e, ,C,o,o,p,e,r,a,t,i,v,e, ,E,x,t,e,n,s,i,o,n
U,n,i,v,e,r,s,i,t,y, ,C,o,o,p,e,r,a,t,i,v,e, ,E,x,t,e,n,s,i,o,n, ,C,o,o,p,e,r,a,t,i,v,e, ,E,x,t,e,n,s,i,o,n, ,S,e,r,v,i,c,e



U,n,i,v,e,r,s,i,t,y, ,N,e,b,r,a,s,k,a,n,d,a,s,h,L,i,n,c,o,l,n, ,E,x,t,e,n,s,i,o,n
S,t,a,t,e, ,U,n,i,v,e,r,s,i,t,y, ,e,x,t,e,n,s,i,o,n
O,K, ,S,t,a,t,e, ,F,a,m,i,l,y, ,S,t,a,t,e, ,F,a,m,i,l,y, ,C,o,n,s,u,m,e,r, ,F,a,m,i,l,y, ,C,o,n,s,u,m,e,r, ,w,e,b,s,i,t,e
T,h,e, ,C,o,m,m,i,s,s,i,o,n, ,S,t,a,t,u,s, ,C,o,m,m,i,s,s,i,o,n, ,S,t,a,t,u,s, ,W,o,m,e,n, ,S,t,a,t,u,s, ,W,o,m,e,n, ,T,h,e, ,W,o,m,e,n, ,T,h,e, ,F,l,o,r,i,d,a, ,T,h,e, ,F,l,o,r,i,d,a, ,C,o,m,m,i,s,s,i,o,n, ,F,l,o,r,i,d,a, ,C,o,m,m,i,s,s,i,o,n, ,S,t,a,t,u,s, ,C,o,m,m,i,s,s,i,o,n, ,S,t,a,t,u,s, ,W,o,m,e,n, ,S,t,a,t,u,s, ,W,o,m,e,n, ,n,o,n,p,a,r,t,i,s,a,n, ,W,o,m,e,n, ,n,o,n,p,a,r,t,i,s,a,n, ,b,o,a,r,d
S,C, ,f,i,l,m, ,i,n,d,u,s,t,r,y
F,i,s,h, ,B,o,a,t, ,C,o,m,m,i,s,s,i,o,n, ,B,o,a,t, ,C,o,m,m,i,s,s,i,o,n, ,P,F,B,C

C,o,u,r,t,s, ,T,h,e, ,m,i,s,s,i,o,n, ,T,h,e, ,m,i,s,s,i,o,n, ,j,u,d,i,c,i,a,l, ,m,i,s,s,i,o,n, ,j,u,d,i,c,i,a,l, ,b,r,a,n,c,h, ,j,u,d,i,c,i,a,l, ,b,r,a,n,c,h, ,p,r,o,t,e,c,t, ,b,r,a,n,c,h, ,p,r,o,t,e,c,t, ,r,i,g,h,t,s, ,p,r,o,t,e,c,t, ,r,i,g,h,t,s, ,l,i,b,e,r,t,i,e,s


O,f,f,i,c,e, ,F,i,n,a,n,c,i,a,l, ,R,e,g,u,l,a,t,i,o,n, ,F,i,n,a,n,c,i,a,l, ,R,e,g,u,l,a,t,i,o,n, ,K,e,y, ,R,e,g,u,l,a,t,i,o,n, ,K,e,y, ,F,u,n,c,t,i,o,n, ,K,e,y, ,F,u,n,c,t,i,o,n, ,p,r,o,v,i,d,e,s, ,F,u,n,c,t,i,o,n, ,p,r,o,v,i,d,e,s, ,r,e,g,u,l,a,t,o,r,y, ,p,r,o,v,i,d,e,s, ,r,e,g,u,l,a,t,o,r,y, ,o,v,e,r,s,i,g,h,t, ,r,e,g,u,l,a,t,o,r,y, ,o,v,e,r,s,i,g,h,t, ,F,l,o,r,i,d,a,s, ,o,v,e,r,s,i,g,h,t, ,F,l,o,r,i,d,a,s, ,f,i,n,a,n,c,i,a,l, ,F,l,o,r,i,d,a,s, ,f,i,n,a,n,c,i,a,l, ,s,e,r,v,i,c,e,s, ,f,i,n,a,n,c,i,a,l, ,s,e,r,v,i,c,e,s, ,p,r,o,v,i,d,e,r,s, ,s,e,r,v,i,c,e,s, ,p,r,o,v,i,d,e,r,s, ,M,i,s,s,i,o,n, ,p,r,o,v,i,d,e,r,s, ,M,i,s,s,i,o,n, ,p,r,o,t,e,c,t, ,M,i,s,s,i,o,n, ,p,r,o,t,e,c,t, ,c,i,t,i,z,e,n,s, ,p,r,o,t,e,c,t, ,c,i,t,i,z,e,n,s, ,F,l,o,r,i,d,a
O,f,f,i,c,e, ,I,n,s,u,r,a,n,c,e, ,R,e,g,u,l,a,t,i,o,n, ,I,n,s,u,r,a,n,c,e, ,R,e,g,u,l,a,t,i,o,n, ,T,o, ,R,e,g,u,l,a,t,i,o,n, ,T,o, ,p,r,o,m,o,t,e, ,T,o, ,p,r,o,m,o,t,e, ,s,t,a,b,l,e, ,p,r,o,m,o,t,e, ,s,t,a,b,l,e, ,c,o,m,p,e,t,i,t,i,v,e, ,s,t,a,b,l,e, ,c,o,m,p,e,t,i,t,i,v,e, ,i,n,s,u,r,a,n,c,e, ,c,o,m,p,e,t,i,t,i,v,e, ,i,n,s,u,r,a,n,c,e, ,m,a,r,k,e,t, ,i,n,s,u,r,a,n,c,e, ,m,a,r,k,e,t, ,c,o,n,s,u,m,e,r,s
N,a,t,i,o,n,a,l, ,G,u,a,r,d, ,C,o,u,n,t,e,r,d,r,u,g, ,G,u,a,r,d, ,C,o,u,n,t,e,r,d,r,u,g, ,n, ,C,o,u,n,t,e,r,d,r,u,g, ,n, ,F,l,o,r,i,d,a, ,n, ,F,l,o,r,i,d,a, ,C,o,u,n,t,e,r,d,r,u,p, ,F,l,o,r,i,d,a, ,C,o,u,n,t,e,r,d,r,u,p, ,P,r,o,g,r,a,m, ,C,o,u,n,t,e,r,d,r,u,p, ,P,r,o,g,r,a,m, ,U,n,d,e,r, ,P,r,o,g,r,a,m, ,U,n,d,e,r, ,a,u,t,h,o,r,i,t,y, ,U,n,d,e,r, ,a,u,t,h,o,r,i,t,y, ,o,f,f,i,c,e, ,a,u,t,h,o,r,i,t,y, ,o,f,f,i,c,e, ,p,r,o,v,i,d,e,s, ,o,f,f,i,c,e, ,p,r,o,v,i,d,e,s, ,o,v,e,r,s,i,g,h,t, ,p,r,o,v,i,d,e,s, ,o,v,e,r,s,i,g,h,t, ,F,L,A,R,N,G, ,o,v,e,r,s,i,g,h,t, ,F,L,A,R,N,G, ,F,L,A,N,G, ,F,L,A,R,N,G, ,F,L,A,N,G, ,S,u,b,s,t,a,n,c,e, ,F,L,A,N,G, ,S,u,b,s,t,a,n,c,e, ,A,b,u,s,e, ,S,u,b,s,t,a,n,c,e, ,A,b,u,s,e, ,P,r,e,v,e,n,t,i,o,n, ,A,b,u,s,e, ,P,r,e,v,e,n,t,i,o,n, ,P,r,o,g,r,a,m,s
F,i,s,h, ,W,i,l,d,l,i,f,e, ,C,o,n,s,e,r,v,a,t,i,o,n, ,W,i,l,d,l,i,f,e, ,C,o,n,s,e,r,v,a,t,i,o,n, ,C,o,m,m,i,s,s,i,o,n
r,e,d,i,s,t,r,i,c,t,i,n,g, ,w,e,b,s,i,t,e, ,H,o,u,s,e, ,w,e,b,s,i,t,e, ,H,o,u,s,e, ,S,p,e,a,k,e,r, ,H,o,u,s,e, ,S,p,e,a,k,e,r, ,W,i,l,l, ,S,p,e,a,k,e,r, ,W,i,l,l, ,W,e,a,t,h,e,r,f,o,r,d, ,W,i,l,l, ,W,e,a,t,h,e,r,f,o,r,d, ,S,e,n,a,t,e, ,W,e,a,t,h,e,r,f,o,r,d, ,S,e,n,a,t,e, ,P,r,e,s,i,d,e,n,t, ,S,e,n,a,t,e, ,P,r,e,s,i,d,e,n,t, ,D,o,n, ,P,r,e,s,i,d,e,n,t, ,D,o,n, ,G,a,e,t,z, ,D,o,n, ,G,a,e,t,z, ,c,a,l,l,e,d, ,G,a,e,t,z, ,c,a,l,l,e,d, ,s,p,e,c,i,a,l, ,c,a,l,l,e,d, ,s,p,e,c,i,a,l, ,s,e,s,s,i,o,n, ,s,p,e,c,i,a,l, ,s,e,s,s,i,o,n, ,A,u,g,u,s,t, ,s,e,s,s,i,o,n, ,A,u,g,u,s,t, ,7,1,5, ,A,u,g,u,s,t, ,7,1,5, ,a,m,e,n,d, ,7,1,5, ,a,m,e,n,d, ,C,o,n,g,r,e,s,s,i,o,n,a,l, ,a,m,e,n,d, ,C,o,n,g,r,e,s,s,i,o,n,a,l, ,D,i,s,t,r,i,c,t,s, ,C,o,n,g,r,e,s,s,i,o,n,a,l, ,D,i,s,t,r,i,c,t,s, ,5, ,D,i,s,t,r,i,c,t,s, ,5, ,1,0, ,5, ,1,0, ,c,o,n,s,i,s,t,e,n,t, ,1,0, ,c,o,n,s,i,s,t,e,n,t, ,F,i,n,a,l, ,c,o,n,s,i,s,t,e,n,t, ,F,i,n,a,l, ,J,u,d,g,m,e,n,t, ,F,i,n,a,l, ,J,u,d,g,m,e,n,t, ,i,s,s,u,e,d, ,J,u,d,g,m,e,n,t, ,i,s,s,u,e,d, ,c,i,r,c,u,i,t, ,i,s,s,u,e,d, ,c,i,r,c,u,i,t, ,c,o,u,r,t, ,c,i,r,c,u,i,t, ,c,o,u,r,t, ,R,o,m,o, ,c,o,u,r,t, ,R,o,m,o, ,v, ,R,o,m,o, ,v, ,D,e,t,z,n,e,r, ,v, ,D,e,t,z,n,e,r, ,m,a,k,e, ,D,e,t,z,n,e,r, ,m,a,k,e, ,c,o,n,f,o,r,m,i,n,g, ,m,a,k,e, ,c,o,n,f,o,r,m,i,n,g, ,c,h,a,n,g,e,s, ,c,o,n,f,o,r,m,i,n,g, ,c,h,a,n,g,e,s, ,d,i,s,t,r,i,c,t,s, ,c,h,a,n,g,e,s, ,d,i,s,t,r,i,c,t,s, ,d,i,r,e,c,t, ,d,i,s,t,r,i,c,t,s, ,d,i,r,e,c,t, ,r,e,s,u,l,t, ,d,i,r,e,c,t, ,r,e,s,u,l,t, ,c,h,a,n,g,e,s, ,r,e,s,u,l,t, ,c,h,a,n,g,e,s, ,C,o,n,g,r,e,s,s,i,o,n,a,l, ,c,h,a,n,g,e,s, ,C,o,n,g,r,e,s,s,i,o,n,a,l, ,D,i,s,t,r,i,c,t,s, ,C,o,n,g,r,e,s,s,i,o,n,a,l, ,D,i,s,t,r,i,c,t,s, ,5, ,D,i,s,t,r,i,c,t,s, ,5, ,1,0
E,n,v,i,r,o,n,m,e,n,t,a,l, ,P,u,b,l,i,c, ,H,e,a,l,t,h, ,P,u,b,l,i,c, ,H,e,a,l,t,h, ,T,r,a,c,k,i,n,g
T,h,e, ,s,t,a,t,e, ,F,l,o,r,i,d,a,s, ,s,t,a,t,e, ,F,l,o,r,i,d,a,s, ,U,n,c,l,a,i,m,e,d, ,F,l,o,r,i,d,a,s, ,U,n,c,l,a,i,m,e,d, ,P,r,o,p,e,r,t,y
W,a,t,e,r, ,P,e,r,m,i,t,i,n,g, ,P,o,r,t,a,l, ,P,e,r,m,i,t,i,n,g, ,P,o,r,t,a,l, ,T,h,i,s, ,P,o,r,t,a,l, ,T,h,i,s, ,p,o,r,t,a,l, ,T,h,i,s, ,p,o,r,t,a,l, ,p,r,o,v,i,d,e,s, ,p,o,r,t,a,l, ,p,r,o,v,i,d,e,s, ,l,i,n,k,s, ,p,r,o,v,i,d,e,s, ,l,i,n,k,s, ,i,n,f,o,r,m,a,t,i,o,n, ,l,i,n,k,s, ,i,n,f,o,r,m,a,t,i,o,n, ,w,a,t,e,r, ,i,n,f,o,r,m,a,t,i,o,n, ,w,a,t,e,r, ,r,e,s,o,u,r,c,e, ,w,a,t,e,r, ,r,e,s,o,u,r,c,e, ,p,e,r,m,i,t,t,i,n,g, ,r,e,s,o,u,r,c,e, ,p,e,r,m,i,t,t,i,n,g, ,F,l,o,r,i,d,a
D,e,p,a,r,t,m,e,n,t, ,A,g,r,i,c,u,l,t,u,r,e, ,C,o,n,s,u,m,e,r, ,A,g,r,i,c,u,l,t,u,r,e, ,C,o,n,s,u,m,e,r, ,S,e,r,v,i,c,e,s

G,e,o,r,g,i,a, ,N,a,t,i,o,n,a,l, ,G,u,a,r,d
S,t,a,t,e, ,D,e,p,a,r,t,m,e,n,t, ,E,d,u,c,a,t,i,o,n

G,A, ,D,o, ,N,o,t, ,D,o, ,N,o,t, ,C,a,l,l, ,N,o,t, ,C,a,l,l, ,L,i,s,t, ,C,a,l,l, ,L,i,s,t, ,G,A, ,L,i,s,t, ,G,A, ,D,e,p,t, ,G,A, ,D,e,p,t, ,L,a,w, ,D,e,p,t, ,L,a,w, ,C,o,n,s,u,m,e,r, ,L,a,w, ,C,o,n,s,u,m,e,r, ,P,r,o,t,e,c,t,i,o,n, ,C,o,n,s,u,m,e,r, ,P,r,o,t,e,c,t,i,o,n, ,U,n,i,t
S,t,a,t,e, ,D,e,f,e,n,s,e, ,F,o,r,c,e
S,t,a,t,e, ,D,e,f,e,n,s,e, ,F,o,r,c,e, ,D,e,f,e,n,s,e, ,F,o,r,c,e, ,p,u,b,l,i,c, ,F,o,r,c,e, ,p,u,b,l,i,c, ,b,e,t,a, ,p,u,b,l,i,c, ,b,e,t,a, ,d,o,m,a,i,n, ,b,e,t,a, ,d,o,m,a,i,n, ,C,r,o,s,s,l,i,n,k,e,d, ,d,o,m,a,i,n, ,C,r,o,s,s,l,i,n,k,e,d, ,g,a,s,d,f,u,s, ,C,r,o,s,s,l,i,n,k,e,d, ,g,a,s,d,f,u,s, ,e,m,a,i,l, ,g,a,s,d,f,u,s, ,e,m,a,i,l, ,d,o,m,a,i,n
S,t,a,t,e, ,D,e,f,e,n,s,e, ,F,o,r,c,e, ,D,e,f,e,n,s,e, ,F,o,r,c,e, ,e,m,a,i,l, ,F,o,r,c,e, ,e,m,a,i,l, ,d,o,m,a,i,n, ,e,m,a,i,l, ,d,o,m,a,i,n, ,R,e,f,e,r,e,n,c,e,d, ,d,o,m,a,i,n, ,R,e,f,e,r,e,n,c,e,d, ,h,t,t,p,s,d,i,r,e,c,t,o,r,y,d,o,a,s,g,a,g,o,v, ,R,e,f,e,r,e,n,c,e,d, ,h,t,t,p,s,d,i,r,e,c,t,o,r,y,d,o,a,s,g,a,g,o,v, ,N,o,t, ,h,t,t,p,s,d,i,r,e,c,t,o,r,y,d,o,a,s,g,a,g,o,v, ,N,o,t, ,u,s,e, ,N,o,t, ,u,s,e, ,p,u,b,l,i,c, ,u,s,e, ,p,u,b,l,i,c, ,w,e,b,s,i,t,e
G,E,A,R, ,U,P, ,o,p,e,r,a,t,e,s, ,U,P, ,o,p,e,r,a,t,e,s, ,p,a,r,t, ,o,p,e,r,a,t,e,s, ,p,a,r,t, ,I,n,s,t,i,t,u,t,i,o,n,s, ,p,a,r,t, ,I,n,s,t,i,t,u,t,i,o,n,s, ,H,i,g,h,e,r, ,I,n,s,t,i,t,u,t,i,o,n,s, ,H,i,g,h,e,r, ,L,e,a,r,n,i,n,g
L,o,u,s,i,a,n,a, ,N,a,t,i,o,n,a,l, ,G,u,a,r,d
B,u,r,e,a,u, ,G,e,o,l,o,g,y, ,M,i,n,e,r,a,l, ,G,e,o,l,o,g,y, ,M,i,n,e,r,a,l, ,R,e,s,o,u,r,c,e,s
T,h,e, ,C,i,v,i,l, ,W,a,r, ,C,i,v,i,l, ,W,a,r, ,C,o,m,m,i,s,s,i,o,n
T,h,e, ,F,i,s,c,a,l, ,M,a,n,a,g,e,m,e,n,t, ,F,i,s,c,a,l, ,M,a,n,a,g,e,m,e,n,t, ,C,o,u,n,c,i,l
T,r,u,s,t, ,P,r,e,s,e,r,v,a,t,i,o,n, ,C,o,m,m,i,t,t,e,e
G,o,v,e,r,n,o,r,s, ,O,f,f,i,c,e, ,H,o,m,e,l,a,n,d, ,O,f,f,i,c,e, ,H,o,m,e,l,a,n,d, ,S,e,c,u,r,i,t,y, ,H,o,m,e,l,a,n,d, ,S,e,c,u,r,i,t,y, ,E,m,e,r,g,e,n,c,y, ,S,e,c,u,r,i,t,y, ,E,m,e,r,g,e,n,c,y, ,P,r,e,p,a,r,e,d,n,e,s,s
S,t,u,d,e,n,t, ,A,c,c,e,s,s, ,C,o,m,m,i,s,s,i,o,n
G,a, ,N,a,t,i,o,n,a,l, ,F,a,i,r, ,N,a,t,i,o,n,a,l, ,F,a,i,r, ,G,r,o,u,n,d,s, ,F,a,i,r, ,G,r,o,u,n,d,s, ,A,g,r,i,c,e,n,t,e,r
C,o,m,m,i,s,s,i,o,n, ,D,i,s,p,u,t,e, ,R,e,s,o,l,u,t,i,o,n

F,i,s,h, ,B,o,a,t, ,C,o,m,m,i,s,s,i,o,n,s, ,B,o,a,t, ,C,o,m,m,i,s,s,i,o,n,s, ,O,u,t,d,o,o,r, ,C,o,m,m,i,s,s,i,o,n,s, ,O,u,t,d,o,o,r, ,S,h,o,p
G,o,t, ,B,e, ,N,C, ,B,e, ,N,C, ,A,g,r,i,c,u,l,t,u,r,e
G,o,t, ,T,o, ,B,e, ,T,o, ,B,e, ,N,C, ,B,e, ,N,C, ,F,e,s,t,i,v,a,l
C,o,n,s,u,m,e,r, ,P,r,o,t,e,c,t,i,o,n, ,D,i,v,i,s,i,o,n, ,P,r,o,t,e,c,t,i,o,n, ,D,i,v,i,s,i,o,n, ,A,t,t,o,r,n,e,y, ,D,i,v,i,s,i,o,n, ,A,t,t,o,r,n,e,y, ,G,e,n,e,r,a,l,s, ,A,t,t,o,r,n,e,y, ,G,e,n,e,r,a,l,s, ,O,f,f,i,c,e
O,f,f,i,c,e, ,G,o,v,e,r,n,o,r, ,L,t, ,G,o,v,e,r,n,o,r, ,L,t, ,G,o,v,e,r,n,o,r
g,o,v,p,r, ,p,a,t,t,e,r,n, ,s,e,v,e,r,a,l, ,p,a,t,t,e,r,n, ,s,e,v,e,r,a,l, ,R,i,c,a,n, ,s,e,v,e,r,a,l, ,R,i,c,a,n, ,g,o,v,e,r,n,m,e,n,t, ,R,i,c,a,n, ,g,o,v,e,r,n,m,e,n,t, ,a,g,e,n,c,i,e,s
g,o,v,v,i, ,p,a,t,t,e,r,n, ,I,s,l,a,n,d, ,p,a,t,t,e,r,n, ,I,s,l,a,n,d, ,g,o,v,e,r,n,m,e,n,t, ,I,s,l,a,n,d, ,g,o,v,e,r,n,m,e,n,t, ,s,i,t,e,s

G,o,v,e,r,n,o,r, ,P,h,i,l, ,B,r,y,a,n,t, ,P,h,i,l, ,B,r,y,a,n,t, ,M,i,s,s,i,s,s,i,p,p,i,s, ,B,r,y,a,n,t, ,M,i,s,s,i,s,s,i,p,p,i,s, ,6,4,t,h, ,M,i,s,s,i,s,s,i,p,p,i,s, ,6,4,t,h, ,g,o,v,e,r,n,o,r
G,o,v,e,r,n,o,r, ,M,o,r,e,h,e,a,d, ,S,c,h,o,o,l, ,M,o,r,e,h,e,a,d, ,S,c,h,o,o,l, ,B,l,i,n,d
O,f,f,i,c,e, ,G,r,o,u,p, ,B,e,n,e,f,i,t,s
S,t,u,d,e,n,t, ,F,i,n,a,n,c,e, ,C,o,m,m,i,s,s,i,o,n


D,e,p,a,r,t,m,e,n,t, ,R,e,v,e,n,u,e, ,T,a,x,a,t,i,o,n
O,f,f,i,c,i,a,l, ,s,i,t,e, ,D,a,i,r,y, ,s,i,t,e, ,D,a,i,r,y, ,P,r,o,d,u,c,t,s, ,D,a,i,r,y, ,P,r,o,d,u,c,t,s, ,C,o,m,m,i,s,s,i,o,n
S,t,a,t,e, ,D,e,p,a,r,t,m,e,n,t, ,E,d,u,c,a,t,i,o,n
V,i,l,l,a,g,e, ,H,o,f,f,m,a,n, ,E,s,t,a,t,e,s


S,t,a,t,e, ,H,u,m,a,n,i,t,i,e,s, ,S,o,c,i,a,l, ,H,u,m,a,n,i,t,i,e,s, ,S,o,c,i,a,l, ,S,e,r,v,i,c,e,s, ,S,o,c,i,a,l, ,S,e,r,v,i,c,e,s, ,O,n,l,i,n,e
H,i,g,h, ,T,e,c,h,n,o,l,o,g,y, ,D,e,v,e,l,o,p,m,e,n,t, ,T,e,c,h,n,o,l,o,g,y, ,D,e,v,e,l,o,p,m,e,n,t, ,C,o,r,p,o,r,a,t,i,o,n, ,D,e,v,e,l,o,p,m,e,n,t, ,C,o,r,p,o,r,a,t,i,o,n, ,H,T,D,C, ,C,o,r,p,o,r,a,t,i,o,n, ,H,T,D,C, ,s,t,a,t,e, ,H,T,D,C, ,s,t,a,t,e, ,a,g,e,n,c,y, ,s,t,a,t,e, ,a,g,e,n,c,y, ,e,s,t,a,b,l,i,s,h,e,d, ,a,g,e,n,c,y, ,e,s,t,a,b,l,i,s,h,e,d, ,S,t,a,t,e, ,e,s,t,a,b,l,i,s,h,e,d, ,S,t,a,t,e, ,L,e,g,i,s,l,a,t,u,r,e, ,S,t,a,t,e, ,L,e,g,i,s,l,a,t,u,r,e, ,1,9,8,3, ,L,e,g,i,s,l,a,t,u,r,e, ,1,9,8,3, ,f,a,c,i,l,i,t,a,t,e, ,1,9,8,3, ,f,a,c,i,l,i,t,a,t,e, ,d,e,v,e,l,o,p,m,e,n,t, ,f,a,c,i,l,i,t,a,t,e, ,d,e,v,e,l,o,p,m,e,n,t, ,g,r,o,w,t,h, ,d,e,v,e,l,o,p,m,e,n,t, ,g,r,o,w,t,h, ,H,a,w,a,i,i,s, ,g,r,o,w,t,h, ,H,a,w,a,i,i,s, ,c,o,m,m,e,r,c,i,a,l, ,H,a,w,a,i,i,s, ,c,o,m,m,e,r,c,i,a,l, ,h,i,g,h, ,c,o,m,m,e,r,c,i,a,l, ,h,i,g,h, ,t,e,c,h,n,o,l,o,g,y, ,h,i,g,h, ,t,e,c,h,n,o,l,o,g,y, ,i,n,d,u,s,t,r,y
N,C, ,h,e,a,l,t,h, ,W,e,l,l,n,e,s,s, ,h,e,a,l,t,h, ,W,e,l,l,n,e,s,s, ,T,r,u,s,t, ,W,e,l,l,n,e,s,s, ,T,r,u,s,t, ,f,u,n,d

U,n,i,v,e,r,s,i,t,y, ,L,i,n,c,o,l,n, ,E,x,t,e,n,s,i,o,n, ,L,i,n,c,o,l,n, ,E,x,t,e,n,s,i,o,n, ,p,u,b,l,i,c,a,t,i,o,n,s
A,r,m,y, ,N,a,t,i,o,n,a,l, ,G,u,a,r,d

I,D,e,a,l, ,C,o,l,l,e,g,e, ,S,a,v,i,n,g,s, ,C,o,l,l,e,g,e, ,S,a,v,i,n,g,s, ,P,r,o,g,r,a,m

O,f,f,i,c,e, ,S,t,a,t,e, ,T,r,e,a,s,u,r,e,r

T,r,a,v,e,l, ,T,o,u,r,i,s,m, ,S,i,t,e

I,n,n,o,v,a,t,e, ,h,e,r,e,b,y, ,c,r,e,a,t,e,d, ,h,e,r,e,b,y, ,c,r,e,a,t,e,d, ,s,t,a,t,e, ,c,r,e,a,t,e,d, ,s,t,a,t,e, ,a,g,e,n,c,y, ,s,t,a,t,e, ,a,g,e,n,c,y, ,e,x,e,r,c,i,s,i,n,g, ,a,g,e,n,c,y, ,e,x,e,r,c,i,s,i,n,g, ,p,u,b,l,i,c, ,e,x,e,r,c,i,s,i,n,g, ,p,u,b,l,i,c, ,e,s,s,e,n,t,i,a,l, ,p,u,b,l,i,c, ,e,s,s,e,n,t,i,a,l, ,g,o,v,e,r,n,m,e,n,t,a,l, ,e,s,s,e,n,t,i,a,l, ,g,o,v,e,r,n,m,e,n,t,a,l, ,f,u,n,c,t,i,o,n,s, ,g,o,v,e,r,n,m,e,n,t,a,l, ,f,u,n,c,t,i,o,n,s, ,I,n,n,o,v,a,t,e, ,f,u,n,c,t,i,o,n,s, ,I,n,n,o,v,a,t,e, ,W,a,s,h,i,n,g,t,o,n, ,I,n,n,o,v,a,t,e, ,W,a,s,h,i,n,g,t,o,n, ,c,r,e,a,t,e,d, ,W,a,s,h,i,n,g,t,o,n, ,c,r,e,a,t,e,d, ,s,u,c,c,e,s,s,o,r, ,c,r,e,a,t,e,d, ,s,u,c,c,e,s,s,o,r, ,W,a,s,h,i,n,g,t,o,n, ,s,u,c,c,e,s,s,o,r, ,W,a,s,h,i,n,g,t,o,n, ,t,e,c,h,n,o,l,o,g,y, ,W,a,s,h,i,n,g,t,o,n, ,t,e,c,h,n,o,l,o,g,y, ,c,e,n,t,e,r, ,t,e,c,h,n,o,l,o,g,y, ,c,e,n,t,e,r, ,S,p,o,k,a,n,e, ,c,e,n,t,e,r, ,S,p,o,k,a,n,e, ,i,n,t,e,r,c,o,l,l,e,g,i,a,t,e, ,S,p,o,k,a,n,e, ,i,n,t,e,r,c,o,l,l,e,g,i,a,t,e, ,r,e,s,e,a,r,c,h, ,i,n,t,e,r,c,o,l,l,e,g,i,a,t,e, ,r,e,s,e,a,r,c,h, ,t,e,c,h,n,o,l,o,g,y, ,r,e,s,e,a,r,c,h, ,t,e,c,h,n,o,l,o,g,y, ,i,n,s,t,i,t,u,t,e, ,t,e,c,h,n,o,l,o,g,y, ,i,n,s,t,i,t,u,t,e, ,S,I,R,T,I, ,i,n,s,t,i,t,u,t,e, ,S,I,R,T,I, ,S,e,e, ,S,I,R,T,I, ,S,e,e, ,h,t,t,p,a,p,p,s,l,e,g,w,a,g,o,v,R,C,W,d,e,f,a,u,l,t,a,s,p,x,c,i,t,e,4,3,3,3,3,f,u,l,l,t,r,u,e
E,c,o,n,o,m,i,c, ,D,e,v,e,l,o,p,m,e,n,t, ,A,u,t,h,o,r,i,t,y, ,D,e,v,e,l,o,p,m,e,n,t, ,A,u,t,h,o,r,i,t,y, ,G,E,D,A, ,A,u,t,h,o,r,i,t,y, ,G,E,D,A, ,w,e,b, ,G,E,D,A, ,w,e,b, ,s,i,t,e, ,w,e,b, ,s,i,t,e, ,G,E,D,A, ,s,i,t,e, ,G,E,D,A, ,a,u,t,o,n,o,m,o,u,s, ,G,E,D,A, ,a,u,t,o,n,o,m,o,u,s, ,a,g,e,n,c,y, ,a,u,t,o,n,o,m,o,u,s, ,a,g,e,n,c,y, ,G,o,v,e,r,n,m,e,n,t, ,a,g,e,n,c,y, ,G,o,v,e,r,n,m,e,n,t, ,G,u,a,m, ,G,o,v,e,r,n,m,e,n,t, ,G,u,a,m, ,G,u,a,m, ,G,u,a,m, ,G,u,a,m, ,p,u,b,l,i,c, ,G,u,a,m, ,p,u,b,l,i,c, ,c,o,r,p,o,r,a,t,i,o,n

E,c,o,n,o,m,i,c, ,D,e,v,e,l,o,p,m,e,n,t, ,A,u,t,h,o,r,i,t,y



T,h,e, ,D,i,v,i,s,i,o,n, ,P,u,b,l,i,c, ,D,i,v,i,s,i,o,n, ,P,u,b,l,i,c, ,H,e,a,l,t,h
n,e,w, ,j,e,r,s,e,y, ,h,i,s,t,o,r,y, ,j,e,r,s,e,y, ,h,i,s,t,o,r,y, ,s,i,t,e
J,u,l,i,a,n, ,F, ,K,e,i,t,h, ,F, ,K,e,i,t,h, ,A,l,c,o,h,o,l, ,K,e,i,t,h, ,A,l,c,o,h,o,l, ,D,r,u,g, ,A,l,c,o,h,o,l, ,D,r,u,g, ,A,b,u,s,e, ,D,r,u,g, ,A,b,u,s,e, ,T,r,e,a,t,m,e,n,t, ,A,b,u,s,e, ,T,r,e,a,t,m,e,n,t, ,C,e,n,t,e,r, ,T,r,e,a,t,m,e,n,t, ,C,e,n,t,e,r, ,J,F,K, ,C,e,n,t,e,r, ,J,F,K, ,A,D,A,T,C, ,J,F,K, ,A,D,A,T,C, ,o,p,e,r,a,t,e,s, ,A,D,A,T,C, ,o,p,e,r,a,t,e,s, ,a,u,t,h,o,r,i,t,y, ,o,p,e,r,a,t,e,s, ,a,u,t,h,o,r,i,t,y, ,S,t,a,t,e, ,a,u,t,h,o,r,i,t,y, ,S,t,a,t,e, ,D,i,v,i,s,i,o,n, ,S,t,a,t,e, ,D,i,v,i,s,i,o,n, ,S,t,a,t,e, ,D,i,v,i,s,i,o,n, ,S,t,a,t,e, ,O,p,e,r,a,t,e,d, ,S,t,a,t,e, ,O,p,e,r,a,t,e,d, ,H,e,a,l,t,h,c,a,r,e, ,O,p,e,r,a,t,e,d, ,H,e,a,l,t,h,c,a,r,e, ,F,a,c,i,l,i,t,i,e,s
J,o,b,s,4,J,e,r,s,e,y, ,N,J, ,D,e,p,a,r,t,m,e,n,t, ,N,J, ,D,e,p,a,r,t,m,e,n,t, ,L,a,b,o,r, ,D,e,p,a,r,t,m,e,n,t, ,L,a,b,o,r, ,W,o,r,k,f,o,r,c,e, ,L,a,b,o,r, ,W,o,r,k,f,o,r,c,e, ,D,e,v,e,l,o,p,m,e,n,t

J,u,s,t,i,c,e, ,A,d,m,i,n,i,s,t,r,a,t,i,o,n, ,C,o,m,m,i,s,s,i,o,n, ,A,d,m,i,n,i,s,t,r,a,t,i,o,n, ,C,o,m,m,i,s,s,i,o,n, ,T,h,e, ,C,o,m,m,i,s,s,i,o,n, ,T,h,e, ,J,u,s,t,i,c,e, ,T,h,e, ,J,u,s,t,i,c,e, ,A,d,m,i,n,i,s,t,r,a,t,i,v,e, ,J,u,s,t,i,c,e, ,A,d,m,i,n,i,s,t,r,a,t,i,v,e, ,C,o,m,m,i,s,s,i,o,n, ,A,d,m,i,n,i,s,t,r,a,t,i,v,e, ,C,o,m,m,i,s,s,i,o,n, ,J,A,C
K,e,n,t,u,c,k,y, ,A,c,a,d,e,m,i,c, ,A,d,v,i,s,i,n,g, ,A,c,a,d,e,m,i,c, ,A,d,v,i,s,i,n,g, ,A,s,s,o,c,i,a,t,i,o,n



k,e,n,t,u,c,k,y, ,h,o,u,s,i,n,g, ,c,o,r,p

T,r,a,v,e,l, ,T,o,u,r,i,s,m, ,S,i,t,e
H,i,g,h,e,r, ,E,d,u,c,a,t,i,o,n, ,A,s,s,i,s,t,a,n,c,e, ,E,d,u,c,a,t,i,o,n, ,A,s,s,i,s,t,a,n,c,e, ,A,u,t,h,o,r,i,t,y

S,t,a,t,e, ,B,o,a,r,d, ,H,e,a,l,i,n,g, ,B,o,a,r,d, ,H,e,a,l,i,n,g, ,A,r,t,s
S,t,a,t,e, ,B,o,a,r,d, ,N,u,r,s,i,n,g






O,f,f,i,c,e, ,S,e,c,r,e,t,a,r,y, ,S,t,a,t,e

k,y, ,c,o,n,v,e,n,t,i,o,n, ,c,e,n,t,e,r
E,d,u,c,a,t,i,o,n, ,P,r,o,f,e,s,s,i,o,n,a,l, ,S,t,a,n,d,a,r,d,s, ,P,r,o,f,e,s,s,i,o,n,a,l, ,S,t,a,n,d,a,r,d,s, ,B,o,a,r,d
K,Y, ,e,x,p,o, ,c,e,n,t,e,r


L,A, ,B,o,a,r,d, ,E,x,a,m,i,n,e,r,s, ,B,o,a,r,d, ,E,x,a,m,i,n,e,r,s, ,N,u,r,s,i,n,g, ,E,x,a,m,i,n,e,r,s, ,N,u,r,s,i,n,g, ,F,a,c,i,l,i,t,y, ,N,u,r,s,i,n,g, ,F,a,c,i,l,i,t,y, ,A,d,m,i,n,i,s,t,r,a,t,o,r,s
B,o,a,r,d, ,M,a,s,s,a,g,e, ,T,h,e,r,a,p,y

S,t,a,t,e, ,B,o,a,r,d, ,S,o,c,i,a,l, ,B,o,a,r,d, ,S,o,c,i,a,l, ,W,o,r,k, ,S,o,c,i,a,l, ,W,o,r,k, ,E,x,a,m,i,n,e,r,s
S,t,a,t,e, ,B,o,a,r,d, ,C,h,i,r,o,p,r,a,c,t,i,c, ,B,o,a,r,d, ,C,h,i,r,o,p,r,a,c,t,i,c, ,E,x,a,m,i,n,e,r,s
T,h,e, ,C,o,u,n,c,i,l, ,I,n,f,o,r,m,a,t,i,o,n, ,C,o,u,n,c,i,l, ,I,n,f,o,r,m,a,t,i,o,n, ,S,e,r,v,i,c,e,s, ,I,n,f,o,r,m,a,t,i,o,n, ,S,e,r,v,i,c,e,s, ,D,i,r,e,c,t,o,r,s
B,o,a,r,d, ,E,x,a,m,i,n,e,r,s, ,C,e,r,t,i,f,i,e,d, ,E,x,a,m,i,n,e,r,s, ,C,e,r,t,i,f,i,e,d, ,S,h,o,r,t,h,a,n,d, ,C,e,r,t,i,f,i,e,d, ,S,h,o,r,t,h,a,n,d, ,R,e,p,o,r,t,e,r,s
L,o,u,i,s,i,a,n,a, ,D,e,v,e,l,o,p,m,e,n,t,a,l, ,D,i,s,a,b,i,l,i,t,i,e,s, ,D,e,v,e,l,o,p,m,e,n,t,a,l, ,D,i,s,a,b,i,l,i,t,i,e,s, ,C,o,u,n,c,i,l

A,u,c,t,i,o,n,e,e,r,s, ,L,i,c,e,n,s,i,n,g, ,B,o,a,r,d
P,r,o,f,e,s,s,i,o,n,a,l, ,E,n,g,i,n,e,e,r,i,n,g, ,L,a,n,d, ,E,n,g,i,n,e,e,r,i,n,g, ,L,a,n,d, ,S,u,r,v,e,y,i,n,g, ,L,a,n,d, ,S,u,r,v,e,y,i,n,g, ,B,o,a,r,d
P,h,y,s,i,c,a,l, ,T,h,e,r,a,p,y, ,B,o,a,r,d

S,t,a,t,e, ,B,o,a,r,d, ,A,r,c,h,i,t,e,c,t,u,r,a,l, ,B,o,a,r,d, ,A,r,c,h,i,t,e,c,t,u,r,a,l, ,E,x,a,m,i,n,e,r,s
W,o,r,k,f,o,r,c,e, ,C,o,m,m,i,s,s,i,o,n, ,L,A,W,o,r,k,s
B,o,a,r,d, ,E,x,a,m,i,n,e,r,s, ,D,i,e,t,e,t,i,c,s, ,E,x,a,m,i,n,e,r,s, ,D,i,e,t,e,t,i,c,s, ,N,u,t,r,i,t,i,o,n
b,o,a,r,d, ,s,p,e,e,c,h, ,l,a,n,g,u,a,g,e, ,s,p,e,e,c,h, ,l,a,n,g,u,a,g,e, ,p,a,t,h,o,l,o,g,y



L,e,a,g,u,e, ,C,i,t,i,e,s, ,P,e,r, ,C,i,t,i,e,s, ,P,e,r, ,A,b,o,u,t, ,P,e,r, ,A,b,o,u,t, ,L,e,a,g,u,e, ,A,b,o,u,t, ,L,e,a,g,u,e, ,s,e,c,t,i,o,n, ,L,e,a,g,u,e, ,s,e,c,t,i,o,n, ,w,e,b,s,i,t,e
L,o,t,e,r,√,É,¬,≠,a, ,E,l,e,c,t,r,√,É,¬,≥,n,i,c,a, ,d,e
C,o,m,m,u,n,i,t,y, ,D,e,v,e,l,o,p,m,e,n,t, ,A,u,t,h,o,r,i,t,y

S,e,a,f,o,o,d, ,B,o,a,r,d, ,I,n, ,B,o,a,r,d, ,I,n, ,1,9,8,4
T,a,x, ,F,r,e,e, ,S,h,o,p,p,i,n,g, ,F,r,e,e, ,S,h,o,p,p,i,n,g, ,C,o,m,m,i,s,s,i,o,n
T,r,a,v,e,l, ,T,o,u,r,i,s,m, ,S,i,t,e
L,i,c,e,n,s,e,d, ,P,r,o,f,e,s,s,i,o,n,a,l, ,C,o,u,n,s,e,l,o,r,s, ,P,r,o,f,e,s,s,i,o,n,a,l, ,C,o,u,n,s,e,l,o,r,s, ,B,o,a,r,d, ,C,o,u,n,s,e,l,o,r,s, ,B,o,a,r,d, ,E,x,a,m,i,n,e,r,s
P,o,l,i,c,e, ,J,u,r,y, ,A,s,s,o,c,i,a,t,i,o,n
L,L,P,V,R,C, ,B,o,a,r,d, ,E,x,a,m,i,n,e,r,s
S,t,a,t,e, ,B,o,a,r,d, ,E,x,a,m,i,n,e,r,s, ,B,o,a,r,d, ,E,x,a,m,i,n,e,r,s, ,P,s,y,c,h,o,l,o,g,i,s,t,s
S,t,a,t,e, ,B,o,a,r,d, ,E,x,a,m,i,n,e,r,s, ,B,o,a,r,d, ,E,x,a,m,i,n,e,r,s, ,S,a,n,i,t,a,r,i,a,n,s
S,t,a,t,e, ,B,o,a,r,d, ,E,x,a,m,i,n,e,r,s, ,B,o,a,r,d, ,E,x,a,m,i,n,e,r,s, ,I,n,t,e,r,i,o,r, ,E,x,a,m,i,n,e,r,s, ,I,n,t,e,r,i,o,r, ,D,e,s,i,g,n,e,r,s
L,o,u,i,s,i,a,n,a, ,B,o,a,r,d, ,M,a,s,s,a,g,e, ,B,o,a,r,d, ,M,a,s,s,a,g,e, ,T,h,e,r,a,p,y
S,t,a,t,e, ,B,o,a,r,d, ,P,r,i,v,a,t,e, ,B,o,a,r,d, ,P,r,i,v,a,t,e, ,I,n,v,e,s,t,i,g,a,t,o,r, ,P,r,i,v,a,t,e, ,I,n,v,e,s,t,i,g,a,t,o,r, ,E,x,a,m,i,n,e,r,s
L,O,U,I,S,I,A,N,A, ,S,T,A,T,E, ,B,O,A,R,D, ,S,T,A,T,E, ,B,O,A,R,D, ,O,F, ,B,O,A,R,D, ,O,F, ,P,R,A,C,T,I,C,A,L, ,O,F, ,P,R,A,C,T,I,C,A,L, ,N,U,R,S,E, ,P,R,A,C,T,I,C,A,L, ,N,U,R,S,E, ,E,X,A,M,I,N,E,R,S
B,o,a,r,d, ,V,e,t,e,r,i,n,a,r,y, ,M,e,d,i,c,i,n,e
B,o,a,r,d, ,D,r,u,g, ,D,e,v,i,c,e, ,D,r,u,g, ,D,e,v,i,c,e, ,D,i,s,t,r,i,b,u,t,o,r,s
L,S,U, ,A,g, ,C,e,n,t,e,r


m,a,i,n,e, ,s,t,a,t,e, ,h,o,u,s,i,n,g, ,s,t,a,t,e, ,h,o,u,s,i,n,g, ,a,u,t,h,o,r,i,t,y
S,t,a,t,e, ,L,o,t,t,e,r,y, ,w,w,w,m,a,i,n,e,l,o,t,t,e,r,y,c,o,m
m,a,i,n,e, ,t,u,r,n,p,i,k,e, ,a,u,t,h,o,r,i,t,y

M,a,s,s, ,b,u,d,g,e,t, ,p,o,l,i,c,y, ,b,u,d,g,e,t, ,p,o,l,i,c,y, ,C,e,n,t,e,r
M,a, ,c,u,l,t,u,r,a,l, ,C,o,u,n,c,i,l
M,a,s,s, ,h,i,s,t,o,r,i,c,a,l, ,s,o,c,i,e,t,y
M,a,s,s,a,c,h,u,e,t,t,s, ,S,t,a,t,e, ,L,o,t,t,e,r,y
T,r,a,v,e,l, ,T,o,u,r,i,s,m, ,S,i,t,e
B,u,r,e,a,u, ,M,i,n,e,s, ,G,e,o,l,o,g,y
5,1,1, ,T,r,a,v,e,l,l,e,r, ,I,n,f,o,r,m,a,t,i,o,n
m,a,i,n,e, ,d,e,v,e,l,o,p,m,e,n,t, ,f,o,u,n,d,a,t,i,o,n
D,e,p,a,r,t,m,e,n,t, ,H,o,u,s,i,n,g, ,C,o,m,m,u,n,i,t,y, ,H,o,u,s,i,n,g, ,C,o,m,m,u,n,i,t,y, ,D,e,v,e,l,o,p,m,e,n,t




M,u,n,i,c,i,p,a,l, ,E,m,p,l,o,y,e,e,s, ,R,e,t,i,r,e,m,e,n,t, ,E,m,p,l,o,y,e,e,s, ,R,e,t,i,r,e,m,e,n,t, ,S,y,s,t,e,m
G,u,a,r,a,n,t,e,e,d, ,S,t,u,d,e,n,t, ,L,o,a,n, ,S,t,u,d,e,n,t, ,L,o,a,n, ,P,r,o,g,r,a,m, ,L,o,a,n, ,P,r,o,g,r,a,m, ,M,G,S,L,P
M,e,n,t,a,l, ,H,e,a,l,t,h, ,T,r,u,s,t, ,H,e,a,l,t,h, ,T,r,u,s,t, ,A,u,t,h,o,r,i,t,y
M,e,n,t,a,l, ,H,e,a,l,t,h, ,T,r,u,s,t, ,H,e,a,l,t,h, ,T,r,u,s,t, ,L,a,n,d, ,T,r,u,s,t, ,L,a,n,d, ,O,f,f,i,c,e
T,r,a,v,e,l, ,T,o,u,r,i,s,m, ,S,i,t,e
m,i,c,h,i,g,a,n, ,h,u,m,a,n,i,t,i,e,s, ,c,o,u,n,c,i,l

S,t,a,t,e, ,P,a,r,k, ,H,a,r,b,o,r, ,P,a,r,k, ,H,a,r,b,o,r, ,R,e,s,e,r,v,a,t,i,o,n,s
L,o,t,t,e,r,y, ,C,o,n,n,e,c,t, ,B,l,o,g

N,a,t,i,o,n,a,l, ,G,u,a,r,d, ,U,R,L, ,G,u,a,r,d, ,U,R,L, ,m,u,s,t, ,U,R,L, ,m,u,s,t, ,w,w,w, ,m,u,s,t, ,w,w,w, ,r,e,s,o,l,v,e

C,a,m,p,g,r,o,u,n,d,s, ,C,a,m,p,i,n,g, ,S,t,a,t,e, ,C,a,m,p,i,n,g, ,S,t,a,t,e, ,P,a,r,k,s

M,i,s,s,o,u,r,i,F,a,m,i,l,i,e,s, ,p,r,o,d,u,c,e,d, ,C,o,l,l,e,g,e, ,p,r,o,d,u,c,e,d, ,C,o,l,l,e,g,e, ,H,u,m,a,n, ,C,o,l,l,e,g,e, ,H,u,m,a,n, ,E,n,v,i,r,o,n,m,e,n,t,a,l, ,H,u,m,a,n, ,E,n,v,i,r,o,n,m,e,n,t,a,l, ,S,c,i,e,n,c,e,s
A,s,s,o,c,i,a,t,i,o,n, ,W,a,t,e,r,s,h,e,d, ,D,i,s,t,r,i,c,t,s


T,h,e, ,S,t,a,t,e, ,T,r,e,a,s,u,r,y,s, ,S,t,a,t,e, ,T,r,e,a,s,u,r,y,s, ,o,f,f,i,c,i,a,l, ,T,r,e,a,s,u,r,y,s, ,o,f,f,i,c,i,a,l, ,w,e,b,s,i,t,e, ,o,f,f,i,c,i,a,l, ,w,e,b,s,i,t,e, ,u,n,c,l,a,i,m,e,d, ,w,e,b,s,i,t,e, ,u,n,c,l,a,i,m,e,d, ,p,r,o,p,e,r,t,y, ,u,n,c,l,a,i,m,e,d, ,p,r,o,p,e,r,t,y, ,s,e,a,r,c,h,e,s



M,o,u,n,t,a,i,n, ,S,t,a,t,e, ,C,o,m,b,i,n,e,d, ,S,t,a,t,e, ,C,o,m,b,i,n,e,d, ,F,e,d,e,r,a,l, ,C,o,m,b,i,n,e,d, ,F,e,d,e,r,a,l, ,C,a,m,p,a,i,g,n

S,t,a,t,e, ,B,o,a,r,d, ,C,o,n,t,r,a,c,t,o,r,s

S,t,a,t,e, ,C,o,m,m,i,s,s,i,o,n, ,C,r,i,m,i,n,a,l, ,C,o,m,m,i,s,s,i,o,n, ,C,r,i,m,i,n,a,l, ,S,e,n,t,e,n,c,i,n,g, ,C,r,i,m,i,n,a,l, ,S,e,n,t,e,n,c,i,n,g, ,P,o,l,i,c,y
E,m,e,r,g,e,n,c,y, ,M,a,n,a,g,e,m,e,n,t, ,A,g,e,n,c,y

S,t,a,t,e, ,U,n,i,v,e,r,s,i,t,y, ,E,x,t,e,n,s,i,o,n
S,t,a,t,e, ,U,n,i,v,e,r,s,i,t,y, ,E,x,t,e,n,s,i,o,n
S,t,a,t,e, ,U,n,i,v,e,r,s,i,t,y, ,E,x,t,e,n,s,i,o,n
F,a,c,i,l,i,t,y, ,F,i,n,a,n,c,e, ,A,u,t,h,o,r,i,t,y
F,i,n,a,n,c,e, ,I,n,f,o,r,m,a,t,i,o,n, ,C,e,n,t,e,r

T,h,e, ,o,f,f,i,c,i,a,l, ,s,t,a,t,e, ,o,f,f,i,c,i,a,l, ,s,t,a,t,e, ,p,o,r,t,a,l, ,s,t,a,t,e, ,p,o,r,t,a,l, ,S,t,a,t,e
D,e,p,a,r,t,m,e,n,t, ,F,i,n,a,n,c,i,a,l, ,S,e,r,v,i,c,e,s
O,f,f,i,c,e, ,A,t,t,o,r,n,e,y, ,G,e,n,e,r,a,l
D,e,v,e,l,o,p,e,d, ,A,t,t,o,r,n,e,y, ,G,e,n,e,r,a,l, ,A,t,t,o,r,n,e,y, ,G,e,n,e,r,a,l, ,A,g,e,n,c,y, ,G,e,n,e,r,a,l, ,A,g,e,n,c,y, ,H,e,a,l,t,h, ,A,g,e,n,c,y, ,H,e,a,l,t,h, ,C,a,r,e, ,H,e,a,l,t,h, ,C,a,r,e, ,A,d,m,i,n,i,s,t,r,a,t,i,o,n, ,C,a,r,e, ,A,d,m,i,n,i,s,t,r,a,t,i,o,n, ,A,H,C,A, ,A,d,m,i,n,i,s,t,r,a,t,i,o,n, ,A,H,C,A, ,h,e,l,p, ,A,H,C,A, ,h,e,l,p, ,c,o,n,s,u,m,e,r,s, ,h,e,l,p, ,c,o,n,s,u,m,e,r,s, ,s,h,o,p, ,c,o,n,s,u,m,e,r,s, ,s,h,o,p, ,l,o,w,e,s,t, ,s,h,o,p, ,l,o,w,e,s,t, ,p,r,i,c,e, ,l,o,w,e,s,t, ,p,r,i,c,e, ,a,r,e,a, ,p,r,i,c,e, ,a,r,e,a, ,p,r,e,s,c,r,i,p,t,i,o,n, ,a,r,e,a, ,p,r,e,s,c,r,i,p,t,i,o,n, ,d,r,u,g,s
F,i,s,h, ,W,i,l,d,l,i,f,e, ,C,o,n,s,e,r,v,a,t,i,o,n, ,W,i,l,d,l,i,f,e, ,C,o,n,s,e,r,v,a,t,i,o,n, ,C,o,m,m,i,s,s,i,o,n
T,r,a,v,e,l, ,T,o,u,r,i,s,m, ,S,i,t,e
N,a,t,i,o,n,a,l, ,A,r,c,h,i,v,e,s, ,R,e,c,o,r,d,s, ,A,r,c,h,i,v,e,s, ,R,e,c,o,r,d,s, ,M,a,n,a,g,e,m,e,n,t, ,R,e,c,o,r,d,s, ,M,a,n,a,g,e,m,e,n,t, ,U,n,i,t
N,C, ,M,u,s,e,u,m, ,N,a,t,u,r,a,l, ,M,u,s,e,u,m, ,N,a,t,u,r,a,l, ,S,c,i,e,n,c,e,s
N,C, ,C,o,u,n,c,i,l, ,D,e,v,e,l,o,p,m,e,n,t,a,l, ,C,o,u,n,c,i,l, ,D,e,v,e,l,o,p,m,e,n,t,a,l, ,D,i,s,a,b,i,l,i,t,i,e,s

N,C, ,S,t,a,t,e, ,C,o,n,s,t,r,u,c,t,i,o,n, ,S,t,a,t,e, ,C,o,n,s,t,r,u,c,t,i,o,n, ,O,f,f,i,c,e
A,l,c,o,h,o,l,i,c, ,B,e,v,e,r,a,g,e, ,C,o,n,t,r,o,l, ,B,e,v,e,r,a,g,e, ,C,o,n,t,r,o,l, ,C,o,m,m,i,s,s,i,o,n
N,C, ,A,g,r,i,c,u,l,t,u,r,e, ,D,e,v,e,l,o,p,m,e,n,t, ,A,g,r,i,c,u,l,t,u,r,e, ,D,e,v,e,l,o,p,m,e,n,t, ,F,a,r,m,l,a,n,d, ,D,e,v,e,l,o,p,m,e,n,t, ,F,a,r,m,l,a,n,d, ,P,r,e,s,e,r,v,a,t,i,o,n, ,F,a,r,m,l,a,n,d, ,P,r,e,s,e,r,v,a,t,i,o,n, ,T,r,u,s,t, ,P,r,e,s,e,r,v,a,t,i,o,n, ,T,r,u,s,t, ,F,u,n,d
M,u,l,t,i,H,a,z,a,r,d, ,T,h,r,e,a,t, ,D,a,t,a,b,a,s,e
D,i,v,i,s,i,o,n, ,A,i,r, ,Q,u,a,l,i,t,y
T,h,e, ,A,u,c,t,i,o,n,e,e,r,s, ,b,o,a,r,d
N,C, ,C,o,u,r,t, ,S,y,s,t,e,m
N,C, ,a,p,p,r,a,i,s,a,l, ,b,o,a,r,d
N,C, ,T,r,i,a,n,g,l,e, ,P,u,b,l,i,c, ,T,r,i,a,n,g,l,e, ,P,u,b,l,i,c, ,A,c,c,e,s,s, ,P,u,b,l,i,c, ,A,c,c,e,s,s, ,T,V, ,A,c,c,e,s,s, ,T,V, ,n, ,T,V, ,n, ,n

N,C, ,M,u,s,e,u,m, ,A,r,t

N,C, ,A,s,s,i,s,t,i,v,e, ,t,e,c,h,n,o,l,o,g,y, ,A,s,s,i,s,t,i,v,e, ,t,e,c,h,n,o,l,o,g,y, ,P,r,o,g,r,a,m, ,t,e,c,h,n,o,l,o,g,y, ,P,r,o,g,r,a,m, ,R,e,c,e,i,v,e,s, ,P,r,o,g,r,a,m, ,R,e,c,e,i,v,e,s, ,g,r,a,n,t, ,R,e,c,e,i,v,e,s, ,g,r,a,n,t, ,f,u,n,d,i,n,g, ,g,r,a,n,t, ,f,u,n,d,i,n,g, ,P,u,b,l,i,c, ,f,u,n,d,i,n,g, ,P,u,b,l,i,c, ,L,a,w, ,P,u,b,l,i,c, ,L,a,w, ,1,0,8,3,6,4, ,L,a,w, ,1,0,8,3,6,4, ,R,e,h,a,b,i,l,i,t,a,t,i,o,n, ,1,0,8,3,6,4, ,R,e,h,a,b,i,l,i,t,a,t,i,o,n, ,S,e,r,v,i,c,e,s, ,R,e,h,a,b,i,l,i,t,a,t,i,o,n, ,S,e,r,v,i,c,e,s, ,A,d,m,i,n,i,s,t,r,a,t,i,o,n
N,C, ,O,f,f,i,c,e, ,S,t,a,t,e, ,O,f,f,i,c,e, ,S,t,a,t,e, ,A,u,d,i,t,o,r

N,C, ,B,o,a,r,d, ,A,t,h,l,e,t,i,c, ,B,o,a,r,d, ,A,t,h,l,e,t,i,c, ,T,r,a,i,n,e,r,s, ,A,t,h,l,e,t,i,c, ,T,r,a,i,n,e,r,s, ,E,x,a,m,i,n,e,r,s

N,C, ,B,o,a,r,d, ,E,x,a,m,i,n,e,r,s, ,B,o,a,r,d, ,E,x,a,m,i,n,e,r,s, ,e,l,e,c,t,r,i,c,a,l, ,E,x,a,m,i,n,e,r,s, ,e,l,e,c,t,r,i,c,a,l, ,c,o,n,t,r,a,c,t,o,r,s
N,C, ,B,o,a,r,d, ,E,x,a,m,i,n,e,r,s, ,B,o,a,r,d, ,E,x,a,m,i,n,e,r,s, ,e,n,g,i,n,e,e,r,s, ,E,x,a,m,i,n,e,r,s, ,e,n,g,i,n,e,e,r,s, ,s,u,r,v,e,y,o,r,s
N,C, ,B,o,a,r,d, ,N,u,r,s,i,n,g, ,B,o,a,r,d, ,N,u,r,s,i,n,g, ,H,o,m,e,s, ,N,u,r,s,i,n,g, ,H,o,m,e,s, ,A,d,m,i,n,i,s,t,r,a,t,o,r,s
N,C, ,B,o,a,r,d, ,F,u,n,e,r,a,l, ,B,o,a,r,d, ,F,u,n,e,r,a,l, ,S,e,r,v,i,c,e,s
N,C, ,B,o,a,r,d, ,L,a,w, ,B,o,a,r,d, ,L,a,w, ,E,x,a,m,i,n,e,r,s
T,h,e, ,B,o,a,r,d, ,L,i,c,e,n,s,i,n,g, ,B,o,a,r,d, ,L,i,c,e,n,s,i,n,g, ,G,e,o,l,o,g,i,s,t,s
T,h,e, ,B,o,a,r,d, ,L,i,c,e,n,s,e,d, ,B,o,a,r,d, ,L,i,c,e,n,s,e,d, ,P,r,o,f,e,s,s,i,o,n,a,l, ,L,i,c,e,n,s,e,d, ,P,r,o,f,e,s,s,i,o,n,a,l, ,C,o,u,n,s,e,l,o,r,s
T,h,e, ,S,o,i,l, ,S,c,i,e,n,t,i,s,t, ,S,o,i,l, ,S,c,i,e,n,t,i,s,t, ,L,i,c,e,n,s,i,n,g, ,S,c,i,e,n,t,i,s,t, ,L,i,c,e,n,s,i,n,g, ,P,r,o,g,r,a,m
N,C, ,B,o,a,r,d, ,E,x,a,m,i,n,e,r,s, ,B,o,a,r,d, ,E,x,a,m,i,n,e,r,s, ,S,p,e,e,c,h, ,E,x,a,m,i,n,e,r,s, ,S,p,e,e,c,h, ,L,a,n,g,u,a,g,e, ,S,p,e,e,c,h, ,L,a,n,g,u,a,g,e, ,P,a,t,h,o,l,o,g,i,s,t, ,L,a,n,g,u,a,g,e, ,P,a,t,h,o,l,o,g,i,s,t, ,A,u,d,i,o,l,o,g,i,s,t, ,P,a,t,h,o,l,o,g,i,s,t, ,A,u,d,i,o,l,o,g,i,s,t, ,n
W,e,l,c,o,m,e, ,N,C, ,B,o,a,r,d, ,N,C, ,B,o,a,r,d, ,L,a,n,d,s,c,a,p,e, ,B,o,a,r,d, ,L,a,n,d,s,c,a,p,e, ,A,r,c,h,i,t,e,c,t,s
N,C, ,B,o,a,r,d, ,N,u,r,s,i,n,g
N,C, ,B,o,a,r,d, ,P,h,a,r,m,a,c,y
T,h,e, ,B,o,a,r,d, ,O,c,c,u,p,a,t,i,o,n,a,l, ,B,o,a,r,d, ,O,c,c,u,p,a,t,i,o,n,a,l, ,T,h,e,r,a,p,y
T,h,e, ,B,o,a,r,d, ,P,o,d,i,a,t,r,y, ,B,o,a,r,d, ,P,o,d,i,a,t,r,y, ,E,x,a,m,i,n,e,r,s, ,P,o,d,i,a,t,r,y, ,E,x,a,m,i,n,e,r,s, ,S,t,a,t,e
N,C, ,W,a,s,t,e, ,M,a,n,a,g,e,m,e,n,t
n,c, ,b,u,s,i,n,e,s,s, ,c,o,u,r,t
N,C, ,S,c,h,o,o,l, ,b,u,s, ,S,c,h,o,o,l, ,b,u,s, ,S,a,f,e,t,y

N,o,r,t,h, ,C,a,r,o,l,i,n,a, ,S,o,c,i,a,l, ,C,a,r,o,l,i,n,a, ,S,o,c,i,a,l, ,W,o,r,k, ,S,o,c,i,a,l, ,W,o,r,k, ,C,e,r,t,i,f,i,c,a,t,i,o,n, ,W,o,r,k, ,C,e,r,t,i,f,i,c,a,t,i,o,n, ,L,i,c,e,n,s,u,r,e, ,C,e,r,t,i,f,i,c,a,t,i,o,n, ,L,i,c,e,n,s,u,r,e, ,B,o,a,r,d
T,h,e, ,C,e,n,t,e,r, ,G,l,o,b,a,l, ,C,e,n,t,e,r, ,G,l,o,b,a,l, ,L,o,g,i,s,t,i,c,s, ,G,l,o,b,a,l, ,L,o,g,i,s,t,i,c,s, ,c,o,l,l,a,b,o,r,a,t,i,v,e, ,L,o,g,i,s,t,i,c,s, ,c,o,l,l,a,b,o,r,a,t,i,v,e, ,e,f,f,o,r,t, ,c,o,l,l,a,b,o,r,a,t,i,v,e, ,e,f,f,o,r,t, ,c,o,m,m,u,n,i,t,y, ,e,f,f,o,r,t, ,c,o,m,m,u,n,i,t,y, ,c,o,l,l,e,g,e,s
N,C, ,C,h,i,l,d, ,S,u,p,p,o,r,t, ,C,h,i,l,d, ,S,u,p,p,o,r,t, ,E,n,f,o,r,c,e,m,e,n,t
B,o,a,r,d, ,C,h,i,r,o,p,r,a,c,t,i,c, ,E,x,a,m,i,n,e,r,s
C,i,v,i,l, ,W,a,r, ,S,e,s,q,u,i,c,e,n,t,e,n,n,i,a,l
N,C, ,D,i,v,i,s,i,o,n, ,C,o,a,s,t,a,l, ,D,i,v,i,s,i,o,n, ,C,o,a,s,t,a,l, ,M,a,n,a,g,e,m,e,n,t
N,C, ,C,o,a,s,t,a,l, ,R,e,s,e,r,v,e, ,C,o,a,s,t,a,l, ,R,e,s,e,r,v,e, ,N,a,t,i,o,n,a,l, ,R,e,s,e,r,v,e, ,N,a,t,i,o,n,a,l, ,E,s,t,u,a,r,i,n,e, ,N,a,t,i,o,n,a,l, ,E,s,t,u,a,r,i,n,e, ,R,e,s,e,a,r,c,h, ,E,s,t,u,a,r,i,n,e, ,R,e,s,e,a,r,c,h, ,R,e,s,e,r,v,e
O,f,f,i,c,e, ,C,o,m,m,i,s,s,i,o,n,e,r, ,B,a,n,k,s, ,C,o,m,m,i,s,s,i,o,n,e,r, ,B,a,n,k,s, ,N,C,C,O,B

n,c, ,c,o,u,r,t, ,s,y,s,t,e,m
N,C, ,D,e,p,t, ,P,u,b,l,i,c, ,D,e,p,t, ,P,u,b,l,i,c, ,S,a,f,e,t,y
N,C, ,D,e,p,a,r,t,m,e,n,t, ,E,n,v,i,r,o,n,m,e,n,t, ,D,e,p,a,r,t,m,e,n,t, ,E,n,v,i,r,o,n,m,e,n,t, ,N,a,t,u,r,a,l, ,E,n,v,i,r,o,n,m,e,n,t, ,N,a,t,u,r,a,l, ,R,e,s,o,u,r,c,e,s
S,t,a,t,e, ,B,o,a,r,d, ,D,e,n,t,a,l, ,B,o,a,r,d, ,D,e,n,t,a,l, ,E,x,a,m,i,n,e,r,s
T,h,i,s, ,s,i,t,e, ,t,o,o,l, ,s,i,t,e, ,t,o,o,l, ,c,i,t,i,z,e,n,s, ,t,o,o,l, ,c,i,t,i,z,e,n,s, ,p,r,o,v,i,d,e,r,s, ,c,i,t,i,z,e,n,s, ,p,r,o,v,i,d,e,r,s, ,r,e,d,u,c,e, ,p,r,o,v,i,d,e,r,s, ,r,e,d,u,c,e, ,i,m,p,a,c,t, ,r,e,d,u,c,e, ,i,m,p,a,c,t, ,d,i,a,b,e,t,e,s, ,i,m,p,a,c,t, ,d,i,a,b,e,t,e,s, ,l,e,a,d,e,r,s,h,i,p
T,h,e, ,N,C, ,H,e,l,p,i,n,g, ,N,C, ,H,e,l,p,i,n,g, ,N,e,i,g,h,b,o,r,s, ,H,e,l,p,i,n,g, ,N,e,i,g,h,b,o,r,s, ,F,u,n,d, ,N,e,i,g,h,b,o,r,s, ,F,u,n,d, ,m,a,n,a,g,e,d, ,F,u,n,d, ,m,a,n,a,g,e,d, ,G,o,v,e,r,n,o,r,s, ,m,a,n,a,g,e,d, ,G,o,v,e,r,n,o,r,s, ,O,f,f,i,c,e
J,u,v,e,n,i,l,e, ,J,u,s,t,i,c,e, ,s,e,c,t,i,o,n, ,J,u,s,t,i,c,e, ,s,e,c,t,i,o,n, ,N,C, ,s,e,c,t,i,o,n, ,N,C, ,D,e,p,a,r,t,m,e,n,t, ,N,C, ,D,e,p,a,r,t,m,e,n,t, ,P,u,b,l,i,c, ,D,e,p,a,r,t,m,e,n,t, ,P,u,b,l,i,c, ,S,a,f,e,t,y
D,i,v,i,s,i,o,n, ,M,a,r,i,n,e, ,F,i,s,h,e,r,i,e,s
N,C, ,M,a,r,i,n,e, ,F,i,s,h,e,r,i,e,s, ,M,a,r,i,n,e, ,F,i,s,h,e,r,i,e,s, ,C,o,m,m,i,s,s,i,o,n, ,F,i,s,h,e,r,i,e,s, ,C,o,m,m,i,s,s,i,o,n, ,S,t,o,r,e
N,C, ,D,i,v,i,s,i,o,n, ,N,o,n, ,D,i,v,i,s,i,o,n, ,N,o,n, ,P,u,b,l,i,c, ,N,o,n, ,P,u,b,l,i,c, ,E,d,u,c,a,t,i,o,n


D,r,o,u,g,h,t, ,M,a,n,a,g,e,m,e,n,t, ,A,d,v,i,s,o,r,y, ,M,a,n,a,g,e,m,e,n,t, ,A,d,v,i,s,o,r,y, ,C,o,u,n,c,i,l
N,C, ,D,E,N,R,s, ,D,i,v,i,s,i,o,n, ,D,E,N,R,s, ,D,i,v,i,s,i,o,n, ,W,a,s,t,e, ,D,i,v,i,s,i,o,n, ,W,a,s,t,e, ,M,a,n,a,g,e,m,e,n,t
T,h,e, ,O,f,f,i,c,e, ,E,M,S
T,h,e, ,F,o,r,e,s,t, ,S,e,r,v,i,c,e, ,F,o,r,e,s,t, ,S,e,r,v,i,c,e, ,o,p,e,r,a,t,e,s, ,S,e,r,v,i,c,e, ,o,p,e,r,a,t,e,s, ,s,y,s,t,e,m, ,o,p,e,r,a,t,e,s, ,s,y,s,t,e,m, ,s,i,x, ,s,y,s,t,e,m, ,s,i,x, ,E,d,u,c,a,t,i,o,n,a,l, ,s,i,x, ,E,d,u,c,a,t,i,o,n,a,l, ,S,t,a,t,e, ,E,d,u,c,a,t,i,o,n,a,l, ,S,t,a,t,e, ,F,o,r,e,s,t,s, ,S,t,a,t,e, ,F,o,r,e,s,t,s, ,E,S,F,s, ,F,o,r,e,s,t,s, ,E,S,F,s, ,d,e,s,i,g,n,e,d, ,E,S,F,s, ,d,e,s,i,g,n,e,d, ,t,e,a,c,h, ,d,e,s,i,g,n,e,d, ,t,e,a,c,h, ,p,u,b,l,i,c, ,t,e,a,c,h, ,p,u,b,l,i,c, ,e,s,p,e,c,i,a,l,l,y, ,p,u,b,l,i,c, ,e,s,p,e,c,i,a,l,l,y, ,s,c,h,o,o,l, ,e,s,p,e,c,i,a,l,l,y, ,s,c,h,o,o,l, ,c,h,i,l,d,r,e,n, ,s,c,h,o,o,l, ,c,h,i,l,d,r,e,n, ,f,o,r,e,s,t, ,c,h,i,l,d,r,e,n, ,f,o,r,e,s,t, ,e,n,v,i,r,o,n,m,e,n,t
F,a,c,i,l,i,t,y, ,M,a,n,a,g,e,m,e,n,t, ,D,i,v,i,s,i,o,n
F,a,r,m, ,F,r,e,s,h, ,d,i,r,e,c,t,o,r,y, ,F,r,e,s,h, ,d,i,r,e,c,t,o,r,y, ,p,i,c,k,y,o,u,r,o,w,n, ,d,i,r,e,c,t,o,r,y, ,p,i,c,k,y,o,u,r,o,w,n, ,f,a,r,m,s
N,C, ,F,a,r,m, ,S,c,h,o,o,l, ,F,a,r,m, ,S,c,h,o,o,l, ,p,r,o,g,r,a,m
F,a,r,m,w,o,r,k,e,r, ,H,e,a,l,t,h, ,P,r,o,g,r,a,m, ,H,e,a,l,t,h, ,P,r,o,g,r,a,m, ,N,C,F,H,P
N,C, ,F,i,l,m, ,O,f,f,i,c,e

D,i,v,i,s,i,o,n, ,M,a,r,i,n,e, ,F,i,s,h,e,r,i,e,s
N,C, ,f,l,o,o,d, ,r,i,s,k, ,f,l,o,o,d, ,r,i,s,k, ,i,n,f,o,r,m,a,t,i,o,n, ,r,i,s,k, ,i,n,f,o,r,m,a,t,i,o,n, ,s,y,s,t,e,m
N,C, ,F,o,r,e,c,l,o,s,u,r,e, ,P,r,e,v,e,n,t,i,o,n, ,F,o,r,e,c,l,o,s,u,r,e, ,P,r,e,v,e,n,t,i,o,n, ,F,u,n,d
F,o,r,e,s,t, ,A,c,t,i,o,n, ,P,l,a,n
N,o,r,t,h, ,C,a,r,o,l,i,n,a, ,F,o,r,e,s,t, ,C,a,r,o,l,i,n,a, ,F,o,r,e,s,t, ,A,c,t,i,o,n, ,F,o,r,e,s,t, ,A,c,t,i,o,n, ,P,l,a,n, ,A,c,t,i,o,n, ,P,l,a,n, ,S,e,e, ,P,l,a,n, ,S,e,e, ,h,i,s,t,o,r,i,c,a,l, ,S,e,e, ,h,i,s,t,o,r,i,c,a,l, ,s,n,a,p,s,h,o,t, ,h,i,s,t,o,r,i,c,a,l, ,s,n,a,p,s,h,o,t, ,h,t,t,p,w,e,b,a,r,c,h,i,v,e,o,r,g,w,e,b,2,0,1,4,0,5,1,7,1,7,4,9,3,5,h,t,t,p,n,c,f,o,r,e,s,t,a,s,s,e,s,s,m,e,n,t,c,o,m
N,C, ,F,r,e,s,h, ,P,r,o,d,u,c,e, ,F,r,e,s,h, ,P,r,o,d,u,c,e, ,I,n,f,o,r,m,a,t,i,o,n, ,P,r,o,d,u,c,e, ,I,n,f,o,r,m,a,t,i,o,n, ,s,i,t,e


T,h,e, ,G,l,o,b,a,l, ,T,r,a,n,s,P,a,r,k
N,C, ,h,e,a,r,i,n,g, ,A,i,d, ,h,e,a,r,i,n,g, ,A,i,d, ,D,e,a,l,e,r,s
N,C, ,H,e,a,l,t,h, ,H,u,m,a,n, ,H,e,a,l,t,h, ,H,u,m,a,n, ,S,e,r,v,i,c,e,s
N,C, ,H,e,a,l,t,h,y, ,S,c,h,o,o,l, ,H,e,a,l,t,h,y, ,S,c,h,o,o,l, ,W,e,b,s,i,t,e
N,C, ,H,o,u,s,i,n,g, ,F,i,n,a,n,c,e, ,H,o,u,s,i,n,g, ,F,i,n,a,n,c,e, ,A,g,e,n,c,y
N,o,r,t,h, ,C,a,r,o,l,i,n,a, ,H,o,m,e, ,C,a,r,o,l,i,n,a, ,H,o,m,e, ,I,n,s,p,e,t,o,r, ,H,o,m,e, ,I,n,s,p,e,t,o,r, ,L,i,c,e,n,s,u,r,e, ,I,n,s,p,e,t,o,r, ,L,i,c,e,n,s,u,r,e, ,B,o,a,r,d
N,C, ,H,i,s,t,o,r,i,c, ,S,i,t,e,s
O,f,f,i,c,e, ,I,n,d,i,g,e,n,t, ,D,e,f,e,n,s,e, ,I,n,d,i,g,e,n,t, ,D,e,f,e,n,s,e, ,S,e,r,v,i,c,e,s
N,C, ,I,n,t,e,r,n,a,t,i,o,n,a,l, ,H,o,u,s,e
N,C, ,I,n,s,t,i,t,u,t,e, ,M,e,d,e,c,i,n,e
T,h,e, ,I,n,t,e,r,p,r,e,t,e,r,s, ,T,r,a,n,s,l,i,t,e,r,a,t,o,r,s, ,I,n,t,e,r,p,r,e,t,e,r,s, ,T,r,a,n,s,l,i,t,e,r,a,t,o,r,s, ,L,i,c,e,n,s,i,n,g, ,T,r,a,n,s,l,i,t,e,r,a,t,o,r,s, ,L,i,c,e,n,s,i,n,g, ,B,o,a,r,d
N,C,k,n,o,w,s, ,s,e,r,v,i,c,e, ,a,l,l,o,w,s, ,s,e,r,v,i,c,e, ,a,l,l,o,w,s, ,r,e,s,i,d,e,n,t,s, ,a,l,l,o,w,s, ,r,e,s,i,d,e,n,t,s, ,g,e,t, ,r,e,s,i,d,e,n,t,s, ,g,e,t, ,h,e,l,p, ,g,e,t, ,h,e,l,p, ,l,i,b,r,a,r,i,a,n,s, ,h,e,l,p, ,l,i,b,r,a,r,i,a,n,s, ,u,s,e, ,l,i,b,r,a,r,i,a,n,s, ,u,s,e, ,l,i,b,r,a,r,y, ,u,s,e, ,l,i,b,r,a,r,y, ,r,e,s,o,u,r,c,e,s, ,l,i,b,r,a,r,y, ,r,e,s,o,u,r,c,e,s, ,r,e,m,o,t,e,l,y, ,r,e,s,o,u,r,c,e,s, ,r,e,m,o,t,e,l,y, ,c,o,m,p,u,t,e,r, ,r,e,m,o,t,e,l,y, ,c,o,m,p,u,t,e,r, ,N,C,k,n,o,w,s, ,c,o,m,p,u,t,e,r, ,N,C,k,n,o,w,s, ,p,i,l,o,t, ,N,C,k,n,o,w,s, ,p,i,l,o,t, ,p,r,o,j,e,c,t, ,p,i,l,o,t, ,p,r,o,j,e,c,t, ,s,u,p,p,o,r,t,e,d, ,p,r,o,j,e,c,t, ,s,u,p,p,o,r,t,e,d, ,g,r,a,n,t, ,s,u,p,p,o,r,t,e,d, ,g,r,a,n,t, ,F,e,d,e,r,a,l,l,y,f,u,n,d,e,d, ,g,r,a,n,t, ,F,e,d,e,r,a,l,l,y,f,u,n,d,e,d, ,L,i,b,r,a,r,y, ,F,e,d,e,r,a,l,l,y,f,u,n,d,e,d, ,L,i,b,r,a,r,y, ,S,e,r,v,i,c,e,s, ,L,i,b,r,a,r,y, ,S,e,r,v,i,c,e,s, ,T,e,c,h,n,o,l,o,g,y, ,S,e,r,v,i,c,e,s, ,T,e,c,h,n,o,l,o,g,y, ,A,c,t, ,T,e,c,h,n,o,l,o,g,y, ,A,c,t, ,L,S,T,A, ,A,c,t, ,L,S,T,A, ,T,h,e, ,L,S,T,A, ,T,h,e, ,p,r,o,j,e,c,t, ,T,h,e, ,p,r,o,j,e,c,t, ,a,d,m,i,n,i,s,t,e,r,e,d, ,p,r,o,j,e,c,t, ,a,d,m,i,n,i,s,t,e,r,e,d, ,S,t,a,t,e, ,a,d,m,i,n,i,s,t,e,r,e,d, ,S,t,a,t,e, ,L,i,b,r,a,r,y, ,S,t,a,t,e, ,L,i,b,r,a,r,y, ,N,o,r,t,h, ,L,i,b,r,a,r,y, ,N,o,r,t,h, ,C,a,r,o,l,i,n,a, ,N,o,r,t,h, ,C,a,r,o,l,i,n,a, ,R,a,l,e,i,g,h, ,C,a,r,o,l,i,n,a, ,R,a,l,e,i,g,h, ,h,e,l,p, ,R,a,l,e,i,g,h, ,h,e,l,p, ,c,o,m,m,i,t,t,e,e, ,h,e,l,p, ,c,o,m,m,i,t,t,e,e, ,l,i,b,r,a,r,i,a,n,s, ,c,o,m,m,i,t,t,e,e, ,l,i,b,r,a,r,i,a,n,s, ,d,i,r,e,c,t,o,r,s, ,l,i,b,r,a,r,i,a,n,s, ,d,i,r,e,c,t,o,r,s, ,N,o,r,t,h, ,d,i,r,e,c,t,o,r,s, ,N,o,r,t,h, ,C,a,r,o,l,i,n,a,s, ,N,o,r,t,h, ,C,a,r,o,l,i,n,a,s, ,l,i,b,r,a,r,i,e,s
N,C, ,D,e,p,t, ,L,a,b,o,r
N,C, ,G,e,n,e,r,l,a, ,A,s,s,e,m,b,l,y
S,t,a,t,e, ,B,o,a,r,d, ,E,x,a,m,i,n,e,r,s, ,B,o,a,r,d, ,E,x,a,m,i,n,e,r,s, ,P,l,u,m,b,i,n,g
N,C, ,L,i,f,e,t,i,m,e, ,I,n,c,o,m,e, ,L,i,f,e,t,i,m,e, ,I,n,c,o,m,e, ,M,e,m,b,e,r,s, ,I,n,c,o,m,e, ,M,e,m,b,e,r,s, ,T,e,a,c,h,e,r,s, ,M,e,m,b,e,r,s, ,T,e,a,c,h,e,r,s, ,S,t,a,t,e, ,T,e,a,c,h,e,r,s, ,S,t,a,t,e, ,E,m,p,l,o,y,e,e,s, ,S,t,a,t,e, ,E,m,p,l,o,y,e,e,s, ,R,e,t,i,r,e,m,e,n,t, ,E,m,p,l,o,y,e,e,s, ,R,e,t,i,r,e,m,e,n,t, ,S,y,s,t,e,m, ,R,e,t,i,r,e,m,e,n,t, ,S,y,s,t,e,m, ,T,S,E,R,S, ,S,y,s,t,e,m, ,T,S,E,R,S, ,L,o,c,a,l, ,T,S,E,R,S, ,L,o,c,a,l, ,G,o,v,e,r,n,m,e,n,t,a,l, ,L,o,c,a,l, ,G,o,v,e,r,n,m,e,n,t,a,l, ,E,m,p,l,o,y,e,e,s, ,G,o,v,e,r,n,m,e,n,t,a,l, ,E,m,p,l,o,y,e,e,s, ,R,e,t,i,r,e,m,e,n,t, ,E,m,p,l,o,y,e,e,s, ,R,e,t,i,r,e,m,e,n,t, ,S,y,s,t,e,m, ,R,e,t,i,r,e,m,e,n,t, ,S,y,s,t,e,m, ,L,G,E,R,S, ,S,y,s,t,e,m, ,L,G,E,R,S, ,o,n,e,t,i,m,e, ,L,G,E,R,S, ,o,n,e,t,i,m,e, ,o,p,p,o,r,t,u,n,i,t,y, ,o,n,e,t,i,m,e, ,o,p,p,o,r,t,u,n,i,t,y, ,t,r,a,n,s,f,e,r, ,o,p,p,o,r,t,u,n,i,t,y, ,t,r,a,n,s,f,e,r, ,p,a,r,t, ,t,r,a,n,s,f,e,r, ,p,a,r,t, ,N,C, ,p,a,r,t, ,N,C, ,4,0,1,k, ,N,C, ,4,0,1,k, ,a,n,d,o,r, ,4,0,1,k, ,a,n,d,o,r, ,N,C, ,a,n,d,o,r, ,N,C, ,D,e,f,e,r,r,e,d, ,N,C, ,D,e,f,e,r,r,e,d, ,C,o,m,p,e,n,s,a,t,i,o,n, ,D,e,f,e,r,r,e,d, ,C,o,m,p,e,n,s,a,t,i,o,n, ,4,5,7, ,C,o,m,p,e,n,s,a,t,i,o,n, ,4,5,7, ,f,u,n,d,s, ,4,5,7, ,f,u,n,d,s, ,R,e,t,i,r,e,m,e,n,t, ,f,u,n,d,s, ,R,e,t,i,r,e,m,e,n,t, ,S,y,s,t,e,m, ,R,e,t,i,r,e,m,e,n,t, ,S,y,s,t,e,m, ,o,r,d,e,r, ,S,y,s,t,e,m, ,o,r,d,e,r, ,r,e,c,e,i,v,e, ,o,r,d,e,r, ,r,e,c,e,i,v,e, ,l,i,f,e,t,i,m,e, ,r,e,c,e,i,v,e, ,l,i,f,e,t,i,m,e, ,i,n,c,o,m,e, ,l,i,f,e,t,i,m,e, ,i,n,c,o,m,e, ,r,e,t,i,r,e,m,e,n,t
N,C, ,P,u,b,l,i,c, ,L,i,b,r,a,r,y

b,o,a,r,d, ,M,a,r,r,i,a,g,e, ,f,a,m,i,l,y, ,M,a,r,r,i,a,g,e, ,f,a,m,i,l,y, ,t,h,e,r,a,p,y
T,h,e, ,L,o,c,k,s,m,i,t,h, ,L,i,c,e,n,s,i,n,g, ,L,o,c,k,s,m,i,t,h, ,L,i,c,e,n,s,i,n,g, ,B,o,a,r,d
S,t,a,t,e, ,O,f,f,i,c,e, ,I,n,f,o,r,m,a,t,i,o,n, ,O,f,f,i,c,e, ,I,n,f,o,r,m,a,t,i,o,n, ,T,e,c,h,n,o,l,o,g,y, ,I,n,f,o,r,m,a,t,i,o,n, ,T,e,c,h,n,o,l,o,g,y, ,S,e,r,v,i,c,e,s
M,a,r,i,t,i,m,e, ,M,u,s,e,u,m, ,S,y,s,t,e,m
H,i,g,h,w,a,y, ,H,i,s,t,o,r,i,c,a,l, ,M,a,r,k,e,r, ,H,i,s,t,o,r,i,c,a,l, ,M,a,r,k,e,r, ,P,r,o,g,r,a,m
N,C, ,M,e,d,i,c,a,l, ,B,o,a,r,d
N,C, ,D,i,v,i,s,i,o,n, ,M,e,d,i,c,a,l, ,D,i,v,i,s,i,o,n, ,M,e,d,i,c,a,l, ,A,s,s,i,s,t,a,n,c,e
N,C, ,O,f,f,i,c,e, ,M,i,n,o,r,i,t,y, ,O,f,f,i,c,e, ,M,i,n,o,r,i,t,y, ,H,e,a,l,t,h, ,M,i,n,o,r,i,t,y, ,H,e,a,l,t,h, ,H,e,a,l,t,h, ,H,e,a,l,t,h, ,H,e,a,l,t,h, ,D,i,s,p,a,r,i,t,i,e,s
N,C, ,M,o,t,o,r, ,f,l,e,e,t, ,M,o,t,o,r, ,f,l,e,e,t, ,m,a,n,a,g,e,m,e,n,t
T,h,e, ,N,C, ,H,e,a,l,t,h, ,N,C, ,H,e,a,l,t,h, ,C,a,r,e, ,H,e,a,l,t,h, ,C,a,r,e, ,P,e,r,s,o,n,n,e,l, ,C,a,r,e, ,P,e,r,s,o,n,n,e,l, ,R,e,g,i,s,t,r,y, ,P,e,r,s,o,n,n,e,l, ,R,e,g,i,s,t,r,y, ,S,e,c,t,i,o,n
E,a,r,l,y, ,H,e,a,r,i,n,g, ,D,e,t,e,c,t,i,o,n, ,H,e,a,r,i,n,g, ,D,e,t,e,c,t,i,o,n, ,I,n,t,e,r,v,e,n,t,i,o,n, ,D,e,t,e,c,t,i,o,n, ,I,n,t,e,r,v,e,n,t,i,o,n, ,P,r,o,g,r,a,m, ,I,n,t,e,r,v,e,n,t,i,o,n, ,P,r,o,g,r,a,m, ,N,C, ,P,r,o,g,r,a,m, ,N,C, ,D,H,H,S, ,N,C, ,D,H,H,S, ,g,t, ,D,H,H,S, ,g,t, ,D,P,H, ,g,t, ,D,P,H, ,g,t, ,D,P,H, ,g,t, ,W,C,H, ,g,t, ,W,C,H, ,S,e,c,t,i,o,n, ,W,C,H, ,S,e,c,t,i,o,n, ,g,t, ,S,e,c,t,i,o,n, ,g,t, ,C,h,i,l,d,r,e,n, ,g,t, ,C,h,i,l,d,r,e,n, ,Y,o,u,t,h, ,C,h,i,l,d,r,e,n, ,Y,o,u,t,h, ,B,r,a,n,c,h
T,h,e, ,N,a,t,u,r,a,l, ,H,e,r,i,t,a,g,e, ,N,a,t,u,r,a,l, ,H,e,r,i,t,a,g,e, ,P,r,o,g,r,a,m

O,f,f,i,c,e, ,A,d,m,i,n,i,s,t,r,a,t,i,v,e, ,H,e,a,r,i,n,g,s
W,e,l,c,o,m,e, ,G,r,a,n,d, ,C,h,a,p,t,e,r, ,G,r,a,n,d, ,C,h,a,p,t,e,r, ,N,C, ,C,h,a,p,t,e,r, ,N,C, ,O,r,d,e,r, ,N,C, ,O,r,d,e,r, ,E,a,s,t,e,r,n, ,O,r,d,e,r, ,E,a,s,t,e,r,n, ,S,t,a,r
N,C, ,O,n,e,M,a,p, ,p,u,b,l,i,c, ,O,n,e,M,a,p, ,p,u,b,l,i,c, ,s,e,r,v,i,c,e, ,p,u,b,l,i,c, ,s,e,r,v,i,c,e, ,p,r,o,v,i,d,i,n,g, ,s,e,r,v,i,c,e, ,p,r,o,v,i,d,i,n,g, ,c,o,m,p,r,e,h,e,n,s,i,v,e, ,p,r,o,v,i,d,i,n,g, ,c,o,m,p,r,e,h,e,n,s,i,v,e, ,d,i,s,c,o,v,e,r,y, ,c,o,m,p,r,e,h,e,n,s,i,v,e, ,d,i,s,c,o,v,e,r,y, ,a,c,c,e,s,s, ,d,i,s,c,o,v,e,r,y, ,a,c,c,e,s,s, ,C,a,r,o,l,i,n,a,s, ,a,c,c,e,s,s, ,C,a,r,o,l,i,n,a,s, ,g,e,o,s,p,a,t,i,a,l, ,C,a,r,o,l,i,n,a,s, ,g,e,o,s,p,a,t,i,a,l, ,d,a,t,a, ,g,e,o,s,p,a,t,i,a,l, ,d,a,t,a, ,r,e,s,o,u,r,c,e,s

S,t,a,t,e, ,B,o,a,r,d, ,E,x,a,m,i,n,e,r,s, ,B,o,a,r,d, ,E,x,a,m,i,n,e,r,s, ,O,p,t,o,m,e,t,r,y
N,C, ,P,h,y,s,i,c,a,l, ,A,c,t,i,v,i,t,y, ,P,h,y,s,i,c,a,l, ,A,c,t,i,v,i,t,y, ,N,u,t,r,i,t,i,o,n, ,A,c,t,i,v,i,t,y, ,N,u,t,r,i,t,i,o,n, ,B,r,a,n,c,h, ,N,u,t,r,i,t,i,o,n, ,B,r,a,n,c,h, ,N,C, ,B,r,a,n,c,h, ,N,C, ,P,A,N

N,C, ,P,r,o,g,r,e,s,s, ,P,o,r,t,a,l
n,c, ,p,s,y,c,h,o,l,o,g,y, ,b,o,a,r,d
T,h,e, ,B,o,a,r,d, ,P,h,y,s,i,c,a,l, ,B,o,a,r,d, ,P,h,y,s,i,c,a,l, ,T,h,e,r,a,p,y, ,P,h,y,s,i,c,a,l, ,T,h,e,r,a,p,y, ,E,x,a,m,i,n,e,r,s

D,i,v,i,s,i,o,n, ,P,u,b,l,i,c, ,H,e,a,l,t,h
n,c, ,p,u,b,l,i,c, ,s,c,h,o,o,l,s
R,a,d,i,a,t,i,o,n, ,P,r,o,t,e,c,t,i,o,n, ,S,e,c,t,i,o,n
N,C, ,R,a,d,o,n, ,A,w,a,r,e,n,e,s, ,R,a,d,o,n, ,A,w,a,r,e,n,e,s, ,S,i,t,e
W,e, ,s,e,r,v,e, ,N,C, ,s,e,r,v,e, ,N,C, ,i,n,s,u,r,a,n,c,e, ,N,C, ,i,n,s,u,r,a,n,c,e, ,i,n,d,u,s,t,r,y, ,i,n,s,u,r,a,n,c,e, ,i,n,d,u,s,t,r,y, ,p,r,o,v,i,d,i,n,g, ,i,n,d,u,s,t,r,y, ,p,r,o,v,i,d,i,n,g, ,s,e,r,v,i,c,e,s, ,p,r,o,v,i,d,i,n,g, ,s,e,r,v,i,c,e,s, ,p,r,o,g,r,a,m,s, ,s,e,r,v,i,c,e,s, ,p,r,o,g,r,a,m,s, ,a,u,t,o,m,o,b,i,l,e

R,u,r,a,l, ,E,l,e,c,t,r,i,f,i,c,a,t,i,o,n, ,A,u,t,h,o,r,i,t,y
N,C, ,S,t,a,t,e, ,B,o,a,r,d, ,S,t,a,t,e, ,B,o,a,r,d, ,E,n,v,i,r,o,n,m,e,n,t,a,l, ,B,o,a,r,d, ,E,n,v,i,r,o,n,m,e,n,t,a,l, ,H,e,a,l,t,h, ,E,n,v,i,r,o,n,m,e,n,t,a,l, ,H,e,a,l,t,h, ,S,p,e,c,i,a,l,i,s,t, ,H,e,a,l,t,h, ,S,p,e,c,i,a,l,i,s,t, ,E,x,a,m,i,n,e,r,s
n,c, ,r,e,p,o,r,t, ,c,a,r,d,s, ,r,e,p,o,r,t, ,c,a,r,d,s, ,s,c,h,o,o,l,s
n,c, ,s,c,i,e,n,c,e, ,t,e,c,h,n,o,l,o,g,y
N,C, ,S,c,h,o,o,l, ,d,e,a,f
N,C, ,S,t,a,t,e, ,E,m,p,l,o,y,e,e,s, ,S,t,a,t,e, ,E,m,p,l,o,y,e,e,s, ,C,o,m,b,i,n,e,d, ,E,m,p,l,o,y,e,e,s, ,C,o,m,b,i,n,e,d, ,C,a,m,p,a,i,g,n
N,o,r,t,h, ,C,a,r,o,l,i,n,a, ,S,e,n,i,o,r,s, ,C,a,r,o,l,i,n,a, ,S,e,n,i,o,r,s, ,H,e,a,l,t,h, ,S,e,n,i,o,r,s, ,H,e,a,l,t,h, ,I,n,s,u,r,a,n,c,e, ,H,e,a,l,t,h, ,I,n,s,u,r,a,n,c,e, ,I,n,f,o,r,m,a,t,i,o,n, ,I,n,s,u,r,a,n,c,e, ,I,n,f,o,r,m,a,t,i,o,n, ,P,r,o,g,r,a,m, ,I,n,f,o,r,m,a,t,i,o,n, ,P,r,o,g,r,a,m, ,S,H,I,I,P
S,i,c,k,l,e, ,C,e,l,l, ,S,y,n,d,r,o,m,e, ,C,e,l,l, ,S,y,n,d,r,o,m,e, ,P,r,o,g,r,a,m
T,h,e, ,S,t,a,t,e, ,I,m,p,r,o,v,e,m,e,n,t, ,S,t,a,t,e, ,I,m,p,r,o,v,e,m,e,n,t, ,P,r,o,j,e,c,t, ,I,m,p,r,o,v,e,m,e,n,t, ,P,r,o,j,e,c,t, ,N,C, ,P,r,o,j,e,c,t, ,N,C, ,S,I,P, ,N,C, ,S,I,P, ,N,C, ,S,I,P, ,N,C, ,S,I,P, ,N,C, ,S,I,P, ,p,r,o,g,r,a,m, ,S,I,P, ,p,r,o,g,r,a,m, ,E,x,c,e,p,t,i,o,n,a,l, ,p,r,o,g,r,a,m, ,E,x,c,e,p,t,i,o,n,a,l, ,C,h,i,l,d,r,e,n, ,E,x,c,e,p,t,i,o,n,a,l, ,C,h,i,l,d,r,e,n, ,D,i,v,i,s,i,o,n, ,C,h,i,l,d,r,e,n, ,D,i,v,i,s,i,o,n, ,N,o,r,t,h, ,D,i,v,i,s,i,o,n, ,N,o,r,t,h, ,C,a,r,o,l,i,n,a, ,N,o,r,t,h, ,C,a,r,o,l,i,n,a, ,D,e,p,a,r,t,m,e,n,t, ,C,a,r,o,l,i,n,a, ,D,e,p,a,r,t,m,e,n,t, ,P,u,b,l,i,c, ,D,e,p,a,r,t,m,e,n,t, ,P,u,b,l,i,c, ,I,n,s,t,r,u,c,t,i,o,n, ,P,u,b,l,i,c, ,I,n,s,t,r,u,c,t,i,o,n, ,N,C, ,I,n,s,t,r,u,c,t,i,o,n, ,N,C, ,D,P,I
T,h,a,n,k, ,v,i,s,i,t,i,n,g, ,A,C,C,E,S,S,N,C
T,h,e, ,S,t,a,r, ,P,r,o,g,r,a,m, ,S,t,a,r, ,P,r,o,g,r,a,m, ,d,e,s,i,g,n,e,d, ,P,r,o,g,r,a,m, ,d,e,s,i,g,n,e,d, ,r,e,c,o,g,n,i,z,e, ,d,e,s,i,g,n,e,d, ,r,e,c,o,g,n,i,z,e, ,p,r,o,m,o,t,e, ,r,e,c,o,g,n,i,z,e, ,p,r,o,m,o,t,e, ,e,f,f,e,c,t,i,v,e, ,p,r,o,m,o,t,e, ,e,f,f,e,c,t,i,v,e, ,s,a,f,e,t,y, ,e,f,f,e,c,t,i,v,e, ,s,a,f,e,t,y, ,h,e,a,l,t,h, ,s,a,f,e,t,y, ,h,e,a,l,t,h, ,m,a,n,a,g,e,m,e,n,t, ,h,e,a,l,t,h, ,m,a,n,a,g,e,m,e,n,t, ,s,y,s,t,e,m,s, ,m,a,n,a,g,e,m,e,n,t, ,s,y,s,t,e,m,s, ,I,n, ,s,y,s,t,e,m,s, ,I,n, ,S,t,a,r
N,C, ,s,t,a,t,e, ,F,a,i,r
N,C, ,S,t,o,r,m,w,a,t,e,r, ,R,u,n,o,f,f, ,S,t,o,r,m,w,a,t,e,r, ,R,u,n,o,f,f, ,p,o,l,l,u,t,i,o,n, ,R,u,n,o,f,f, ,p,o,l,l,u,t,i,o,n, ,s,i,t,e
N,C, ,S,t,a,t,e, ,U,n,i,v, ,S,t,a,t,e, ,U,n,i,v, ,E,x,t,e,n,s,i,o,n
S,o,c,i,a,l, ,W,o,r,k, ,C,e,r,t,i,f,i,c,a,t,i,o,n, ,W,o,r,k, ,C,e,r,t,i,f,i,c,a,t,i,o,n, ,L,i,c,e,n,s,u,r,e, ,C,e,r,t,i,f,i,c,a,t,i,o,n, ,L,i,c,e,n,s,u,r,e, ,B,o,a,r,d

T,o,b,a,c,c,o, ,F,r,e,e, ,S,c,h,o,o,l,s
S,t,a,t,e, ,J,a,p,a,n, ,O,f,f,i,c,e
N,C,T,O,P,P,S, ,h,o,m,e,p,a,g,e, ,h,t,t,p,w,w,w,n,c,d,h,h,s,g,o,v,M,H,D,D,S,A,S,p,r,o,v,i,d,e,r,s,N,C,T,O,P,P,S,i,n,d,e,x,h,t,m, ,h,o,m,e,p,a,g,e, ,h,t,t,p,w,w,w,n,c,d,h,h,s,g,o,v,M,H,D,D,S,A,S,p,r,o,v,i,d,e,r,s,N,C,T,O,P,P,S,i,n,d,e,x,h,t,m, ,E,n,t,r,y, ,h,t,t,p,w,w,w,n,c,d,h,h,s,g,o,v,M,H,D,D,S,A,S,p,r,o,v,i,d,e,r,s,N,C,T,O,P,P,S,i,n,d,e,x,h,t,m, ,E,n,t,r,y, ,s,t,i,l,l, ,E,n,t,r,y, ,s,t,i,l,l, ,i,n,c,l,u,d,e,d, ,s,t,i,l,l, ,i,n,c,l,u,d,e,d, ,n,c,t,o,p,p,s,n,c,d,m,h,n,e,t, ,i,n,c,l,u,d,e,d, ,n,c,t,o,p,p,s,n,c,d,m,h,n,e,t, ,p,a,t,t,e,r,n, ,n,c,t,o,p,p,s,n,c,d,m,h,n,e,t, ,p,a,t,t,e,r,n, ,p,a,g,e,s, ,p,a,t,t,e,r,n, ,p,a,g,e,s, ,h,t,t,p,s,w,w,w,g,o,o,g,l,e,c,o,m,s,e,a,r,c,h,q,s,i,t,e,3,A,n,c,t,o,p,p,s,n,c,d,m,h,n,e,t
N,C, ,O,f,f,i,c,e, ,S,t,a,t,e, ,O,f,f,i,c,e, ,S,t,a,t,e, ,P,e,r,s,o,n,n,e,l
N,C, ,T,r,a,n,s,p,o,r,t,a,t,i,o,n, ,M,u,s,e,u,m
D,e,p,a,r,t,m,e,n,t, ,S,t,a,t,e, ,T,r,e,a,s,u,r,e,r
V,e,t,e,r,i,n,a,r,y, ,M,e,d,i,c,a,l, ,B,o,a,r,d
C,a,r,o,l,i,n,a,s, ,m,a,r,k,e,t,p,l,a,c,e, ,d,i,s,c,a,r,d,e,d, ,m,a,r,k,e,t,p,l,a,c,e, ,d,i,s,c,a,r,d,e,d, ,s,u,r,p,l,u,s, ,d,i,s,c,a,r,d,e,d, ,s,u,r,p,l,u,s, ,m,a,t,e,r,i,a,l,s, ,s,u,r,p,l,u,s, ,m,a,t,e,r,i,a,l,s, ,p,r,o,d,u,c,t,s
N,C, ,D,i,v,i,s,i,o,n, ,W,a,t,e,r, ,D,i,v,i,s,i,o,n, ,W,a,t,e,r, ,R,e,s,o,u,r,c,e,s
D,i,v,i,s,i,o,n, ,W,a,t,e,r, ,R,e,s,o,u,r,c,e,s
W,e,l,l, ,C,o,n,t,r,a,c,t,o,r,s, ,C,e,r,t,i,f,i,c,a,t,i,o,n, ,C,o,n,t,r,a,c,t,o,r,s, ,C,e,r,t,i,f,i,c,a,t,i,o,n, ,C,o,m,m,i,s,s,i,o,n, ,C,e,r,t,i,f,i,c,a,t,i,o,n, ,C,o,m,m,i,s,s,i,o,n, ,p,r,o,t,e,c,t,s, ,C,o,m,m,i,s,s,i,o,n, ,p,r,o,t,e,c,t,s, ,p,u,b,l,i,c, ,p,r,o,t,e,c,t,s, ,p,u,b,l,i,c, ,h,e,a,l,t,h, ,p,u,b,l,i,c, ,h,e,a,l,t,h, ,s,a,f,e,t,y, ,h,e,a,l,t,h, ,s,a,f,e,t,y, ,e,n,s,u,r,i,n,g, ,s,a,f,e,t,y, ,e,n,s,u,r,i,n,g, ,i,n,t,e,g,r,i,t,y, ,e,n,s,u,r,i,n,g, ,i,n,t,e,g,r,i,t,y, ,c,o,m,p,e,t,e,n,c,e, ,i,n,t,e,g,r,i,t,y, ,c,o,m,p,e,t,e,n,c,e, ,w,e,l,l, ,c,o,m,p,e,t,e,n,c,e, ,w,e,l,l, ,c,o,n,t,r,a,c,t,o,r,s, ,w,e,l,l, ,c,o,n,t,r,a,c,t,o,r,s, ,e,x,a,m,i,n,a,t,i,o,n
n,c, ,w,i,l,d,l,i,f,e, ,r,e,s,o,u,r,c,e, ,w,i,l,d,l,i,f,e, ,r,e,s,o,u,r,c,e, ,c,o,m,m,i,s,s,i,o,n
N,C, ,W,i,s,e,O,w,l, ,N,C, ,W,i,s,e,O,w,l, ,N,C, ,O,n,l,i,n,e, ,N,C, ,O,n,l,i,n,e, ,W,i,n,d,o,w,s, ,O,n,l,i,n,e, ,W,i,n,d,o,w,s, ,L,e,a,r,n,i,n,g, ,W,i,n,d,o,w,s, ,L,e,a,r,n,i,n,g, ,p,r,o,v,i,d,i,n,g, ,L,e,a,r,n,i,n,g, ,p,r,o,v,i,d,i,n,g, ,o,n,l,i,n,e, ,p,r,o,v,i,d,i,n,g, ,o,n,l,i,n,e, ,s,u,b,s,c,r,i,p,t,i,o,n, ,o,n,l,i,n,e, ,s,u,b,s,c,r,i,p,t,i,o,n, ,r,e,s,o,u,r,c,e,s, ,s,u,b,s,c,r,i,p,t,i,o,n, ,r,e,s,o,u,r,c,e,s, ,s,c,h,o,o,l,s, ,r,e,s,o,u,r,c,e,s, ,s,c,h,o,o,l,s, ,s,i,n,c,e, ,s,c,h,o,o,l,s, ,s,i,n,c,e, ,1,9,9,9, ,s,i,n,c,e, ,1,9,9,9, ,O,u,r, ,1,9,9,9, ,O,u,r, ,m,i,s,s,i,o,n, ,O,u,r, ,m,i,s,s,i,o,n, ,e,n,s,u,r,e, ,m,i,s,s,i,o,n, ,e,n,s,u,r,e, ,p,u,b,l,i,c, ,e,n,s,u,r,e, ,p,u,b,l,i,c, ,c,h,a,r,t,e,r, ,p,u,b,l,i,c, ,c,h,a,r,t,e,r, ,s,c,h,o,o,l, ,c,h,a,r,t,e,r, ,s,c,h,o,o,l, ,s,t,u,d,e,n,t,s, ,s,c,h,o,o,l, ,s,t,u,d,e,n,t,s, ,a,c,c,e,s,s, ,s,t,u,d,e,n,t,s, ,a,c,c,e,s,s, ,c,o,l,l,e,c,t,i,o,n, ,a,c,c,e,s,s, ,c,o,l,l,e,c,t,i,o,n, ,o,n,l,i,n,e, ,c,o,l,l,e,c,t,i,o,n, ,o,n,l,i,n,e, ,r,e,s,o,u,r,c,e,s, ,o,n,l,i,n,e, ,r,e,s,o,u,r,c,e,s, ,u,s,e, ,r,e,s,o,u,r,c,e,s, ,u,s,e, ,r,e,s,e,a,r,c,h, ,u,s,e, ,r,e,s,e,a,r,c,h, ,p,r,o,j,e,c,t,s, ,r,e,s,e,a,r,c,h, ,p,r,o,j,e,c,t,s, ,h,o,m,e,w,o,r,k, ,p,r,o,j,e,c,t,s, ,h,o,m,e,w,o,r,k, ,a,s,s,i,g,n,m,e,n,t,s
N,C, ,Z,o,o, ,a,g,e,n,c,y, ,Z,o,o, ,a,g,e,n,c,y, ,D,e,p,a,r,t,m,e,n,t, ,a,g,e,n,c,y, ,D,e,p,a,r,t,m,e,n,t, ,N,a,t,u,r,a,l, ,D,e,p,a,r,t,m,e,n,t, ,N,a,t,u,r,a,l, ,C,u,l,t,u,r,a,l, ,N,a,t,u,r,a,l, ,C,u,l,t,u,r,a,l, ,R,e,s,o,u,r,c,e,s


D,e,p,a,r,t,m,e,n,t, ,W,i,l,d,l,i,f,e, ,N,D,O,W, ,W,i,l,d,l,i,f,e, ,N,D,O,W, ,L,i,c,e,n,s,i,n,g
R,e,c,o,r,d,e,r,s, ,I,n,f,o,r,m,a,t,i,o,n, ,N,e,t,w,o,r,k
T,r,a,v,e,l, ,T,o,u,r,i,s,m, ,S,i,t,e


A,s,s,o,c,i,a,t,i,o,n, ,T,r,a,n,s,p,o,r,t,a,t,i,o,n, ,P,r,o,v,i,d,e,r,s
A,r,t,s, ,C,o,u,n,c,i,l, ,T,h,e, ,C,o,u,n,c,i,l, ,T,h,e, ,C,o,u,n,c,i,l, ,T,h,e, ,C,o,u,n,c,i,l, ,f,u,n,d,e,d, ,C,o,u,n,c,i,l, ,f,u,n,d,e,d, ,S,t,a,t,e, ,f,u,n,d,e,d, ,S,t,a,t,e, ,N,e,b,r,a,s,k,a

D,r,y, ,B,e,a,n, ,C,o,m,m,i,s,s,i,o,n
S,t,a,t,e, ,H,i,s,t,o,r,i,c,a,l, ,S,o,c,i,e,t,y
S,t,a,t,e, ,R,a,c,i,n,g, ,C,o,m,m,i,s,s,i,o,n

D,e,p,a,r,t,m,e,n,t, ,E,c,o,n,o,m,i,c, ,D,e,v,e,l,o,p,m,e,n,t



T,r,a,v,e,l, ,T,o,u,r,i,s,m, ,S,i,t,e
D,e,p,a,r,t,m,e,n,t, ,C,o,m,m,u,n,i,t,y, ,E,c,o,n,o,m,i,c, ,C,o,m,m,u,n,i,t,y, ,E,c,o,n,o,m,i,c, ,D,e,v,e,l,o,p,m,e,n,t

N,H, ,H,i,s,t,o,r,i,c,a,l, ,S,o,c,i,e,t,y
N,H, ,M,u,n,i,c,i,p,a,l, ,A,s,s,o,c,i,a,t,i,o,n

N,H, ,S,t,a,t,e, ,P,a,r,k,s
E,c,o,n,o,m,i,c, ,D,e,v,e,l,o,p,m,e,n,t, ,A,u,t,h,o,r,i,t,y
D,i,v,i,s,i,o,n, ,F,i,s,h, ,W,i,l,d,l,i,f,e

S,u,r,c,h,a,r,g,e, ,V,i,o,l,a,t,i,o,n, ,S,y,s,t,e,m, ,V,i,o,l,a,t,i,o,n, ,S,y,s,t,e,m, ,N,J,S,V,S
D,e,p,a,r,t,m,e,n,t, ,L,a,b,o,r, ,W,o,r,k,f,o,r,c,e, ,L,a,b,o,r, ,W,o,r,k,f,o,r,c,e, ,D,e,v,e,l,o,p,m,e,n,t

E,n,v,i,r,o,n,m,e,n,t,a,l, ,P,u,b,l,i,c, ,H,e,a,l,t,h, ,P,u,b,l,i,c, ,H,e,a,l,t,h, ,T,r,a,c,k,i,n,g
S,p,e,c,i,a,l, ,S,u,p,p,l,e,m,e,n,t,a,l, ,N,u,t,r,i,t,i,o,n, ,S,u,p,p,l,e,m,e,n,t,a,l, ,N,u,t,r,i,t,i,o,n, ,P,r,o,g,r,a,m, ,N,u,t,r,i,t,i,o,n, ,P,r,o,g,r,a,m, ,W,o,m,e,n
N,u,t,r,i,t,i,o,n, ,S,e,r,v,i,c,e,s, ,B,r,a,n,c,h
A,g,i,n,g, ,D,i,s,a,b,i,l,i,t,y, ,S,e,r,v,i,c,e,s, ,D,i,s,a,b,i,l,i,t,y, ,S,e,r,v,i,c,e,s, ,D,i,v,i,s,i,o,n
S,t,a,t,e, ,C,o,n,f,e,r,e,n,c,e, ,M,a,y,o,r,s, ,C,o,n,f,e,r,e,n,c,e, ,M,a,y,o,r,s, ,M,u,n,i,c,i,p,a,l, ,M,a,y,o,r,s, ,M,u,n,i,c,i,p,a,l, ,O,f,f,i,c,i,a,l,s, ,M,u,n,i,c,i,p,a,l, ,O,f,f,i,c,i,a,l,s, ,N,Y,C,O,M
H,i,s,t,o,r,i,c,a,l, ,S,o,c,i,e,t,y, ,M,u,s,e,u,m, ,S,o,c,i,e,t,y, ,M,u,s,e,u,m, ,L,i,b,r,a,r,y
S,t,a,t,e, ,C,o,u,n,c,i,l, ,A,r,t,s
S,t,a,t,e, ,e,G,o,v,e,r,n,m,e,n,t, ,l,i,s,t,i,n,g, ,e,G,o,v,e,r,n,m,e,n,t, ,l,i,s,t,i,n,g, ,s,t,a,t,e, ,l,i,s,t,i,n,g, ,s,t,a,t,e, ,a,g,e,n,c,i,e,s

S,t,a,t,e, ,H,o,m,e,s, ,C,o,m,m,u,n,i,t,y, ,H,o,m,e,s, ,C,o,m,m,u,n,i,t,y, ,R,e,n,e,w,a,l
S,t,a,t,e, ,L,o,c,a,l, ,G,o,v,e,r,n,m,e,n,t, ,L,o,c,a,l, ,G,o,v,e,r,n,m,e,n,t, ,I,T, ,G,o,v,e,r,n,m,e,n,t, ,I,T, ,D,i,r,e,c,t,o,r,s, ,I,T, ,D,i,r,e,c,t,o,r,s, ,A,s,s,o,c,i,a,t,i,o,n, ,D,i,r,e,c,t,o,r,s, ,A,s,s,o,c,i,a,t,i,o,n, ,N,Y,S,L,G,I,T,D,A
S,t,a,t,e, ,P,o,l,i,c,e, ,R,e,c,r,u,i,t,m,e,n,t, ,P,o,l,i,c,e, ,R,e,c,r,u,i,t,m,e,n,t, ,C,e,n,t,e,r
O,K, ,C,o,r,p,o,r,a,t,i,o,n, ,C,o,m,m,i,s,s,i,o,n
O,f,f,i,c,e, ,H,a,w,a,i,i,a,n, ,A,f,f,a,i,r,s, ,H,a,w,a,i,i,a,n, ,A,f,f,a,i,r,s, ,U,n,d,e,r, ,A,f,f,a,i,r,s, ,U,n,d,e,r, ,d,i,r,e,c,t,i,o,n, ,U,n,d,e,r, ,d,i,r,e,c,t,i,o,n, ,n,i,n,e, ,d,i,r,e,c,t,i,o,n, ,n,i,n,e, ,t,r,u,s,t,e,e,s, ,n,i,n,e, ,t,r,u,s,t,e,e,s, ,e,l,e,c,t,e,d, ,t,r,u,s,t,e,e,s, ,e,l,e,c,t,e,d, ,s,t,a,t,e,w,i,d,e
B,u,r,e,a,u, ,W,o,r,k,e,r,s, ,C,o,m,p,e,n,s,a,t,i,o,n




O,K, ,c,a,r,e,e,r, ,t,e,c,h, ,c,a,r,e,e,r, ,t,e,c,h, ,w,e,b,s,i,t,e
O,K, ,d,e,p,t, ,h,u,m,a,n, ,d,e,p,t, ,h,u,m,a,n, ,s,e,r,v,i,c,e,s

O,K, ,L,P, ,G,a,s, ,L,P, ,G,a,s, ,c,o,m,m,i,s,s,i,o,n
S,t,a,t,e, ,O,l,m,s,t,e,a,d, ,I,n,i,t,i,a,t,i,v,e

O,f,f,i,c,e, ,L,a,n,d, ,W,a,t,e,r, ,L,a,n,d, ,W,a,t,e,r, ,S,t,e,w,a,r,d,s,h,i,p

G,o,v,e,r,n,o,r,s, ,O,f,f,i,c,e, ,F,i,l,m, ,O,f,f,i,c,e, ,F,i,l,m, ,T,e,l,e,v,i,s,i,o,n


T,h,e, ,R,e,s,o,u,r,c,e,s, ,I,n,t,e,g,r,a,t,i,o,n, ,R,e,s,o,u,r,c,e,s, ,I,n,t,e,g,r,a,t,i,o,n, ,G,e,n,e,r,a,l, ,I,n,t,e,g,r,a,t,i,o,n, ,G,e,n,e,r,a,l, ,I,n,f,o,r,m,a,t,i,o,n, ,G,e,n,e,r,a,l, ,I,n,f,o,r,m,a,t,i,o,n, ,N,e,t,w,o,r,k, ,I,n,f,o,r,m,a,t,i,o,n, ,N,e,t,w,o,r,k, ,S,y,s,t,e,m, ,N,e,t,w,o,r,k, ,S,y,s,t,e,m, ,O,r,i,g,i,n,s, ,S,y,s,t,e,m, ,O,r,i,g,i,n,s, ,o,n,l,i,n,e, ,O,r,i,g,i,n,s, ,o,n,l,i,n,e, ,d,a,t,a,b,a,s,e, ,o,n,l,i,n,e, ,d,a,t,a,b,a,s,e, ,c,o,n,t,a,i,n,s, ,d,a,t,a,b,a,s,e, ,c,o,n,t,a,i,n,s, ,e,c,o,n,o,m,i,c
O,f,f,i,c,e, ,S,t,a,t,e, ,B,a,n,k, ,S,t,a,t,e, ,B,a,n,k, ,C,o,m,m,i,s,s,i,o,n,e,r
O,K, ,S,t,a,t,e, ,C,o,u,r,t, ,S,t,a,t,e, ,C,o,u,r,t, ,S,y,s,t,e,m
O,f,f,i,c,e, ,S,t,a,t,e, ,P,r,o,s,e,c,u,t,o,r
D,i,v,i,s,i,o,n, ,E,n,v,i,r,o,n,m,e,n,t,a,l, ,A,s,s,i,s,t,a,n,c,e, ,E,n,v,i,r,o,n,m,e,n,t,a,l, ,A,s,s,i,s,t,a,n,c,e, ,C,u,s,t,o,m,e,r, ,A,s,s,i,s,t,a,n,c,e, ,C,u,s,t,o,m,e,r, ,S,e,r,v,i,c,e
C,o,m,m,o,n,w,e,a,l,t,h, ,P,e,n,n,s,y,l,v,a,n,i,a,s, ,m,e,d,i,a, ,P,e,n,n,s,y,l,v,a,n,i,a,s, ,m,e,d,i,a, ,h,u,b
U,n,i,f,i,e,d, ,J,u,d,i,c,i,a,l, ,S,y,s,t,e,m
P,A, ,e,H,e,a,l,t,h, ,P,a,r,t,n,e,r,s,h,i,p, ,e,H,e,a,l,t,h, ,P,a,r,t,n,e,r,s,h,i,p, ,A,u,t,h,o,r,i,t,y
F,i,r,s,t,N,e,t, ,S,e,e, ,a,l,s,o, ,S,e,e, ,a,l,s,o, ,h,t,t,p,w,w,w,n,t,i,a,d,o,c,g,o,v,s,l,i,g,p,p,e,n,n,s,y,l,v,a,n,i,a
R,e,p,u,b,l,i,c, ,N,a,t,i,o,n,a,l, ,G,o,v,e,r,n,m,e,n,t

S,t,a,t,e, ,D,e,f,e,n,s,e, ,F,o,r,c,e, ,D,e,f,e,n,s,e, ,F,o,r,c,e, ,p,u,b,l,i,c, ,F,o,r,c,e, ,p,u,b,l,i,c, ,a,f,f,a,i,r,s, ,p,u,b,l,i,c, ,a,f,f,a,i,r,s, ,o,f,f,i,c,e, ,a,f,f,a,i,r,s, ,o,f,f,i,c,e, ,W,e,b,s,i,t,e, ,o,f,f,i,c,e, ,W,e,b,s,i,t,e, ,m,i,r,r,o,r,e,d, ,W,e,b,s,i,t,e, ,m,i,r,r,o,r,e,d, ,g,a,s,d,f,c,o,m, ,m,i,r,r,o,r,e,d, ,g,a,s,d,f,c,o,m, ,R,e,f,e,r,e,n,c,e,d, ,g,a,s,d,f,c,o,m, ,R,e,f,e,r,e,n,c,e,d, ,h,t,t,p,s,g,a,n,g,m,i,l,L,e,a,d,e,r,s,h,i,p,G,e,o,r,g,i,a,S,t,a,t,e,D,e,f,e,n,s,e,F,o,r,c,e
P,a,r,k,s, ,W,i,l,d,l,i,f,e, ,F,o,u,n,d,a,t,i,o,n
P,A, ,S,t,a,t,e, ,S,y,s,t,e,m, ,S,t,a,t,e, ,S,y,s,t,e,m, ,H,i,g,h,e,r, ,S,y,s,t,e,m, ,H,i,g,h,e,r, ,E,d,u,c,a,t,i,o,n
P,A, ,P,a,t,i,e,n,t, ,S,a,f,e,t,y, ,P,a,t,i,e,n,t, ,S,a,f,e,t,y, ,A,u,t,h,o,r,i,t,y

P,A, ,H,e,a,l,t,h, ,C,a,r,e, ,H,e,a,l,t,h, ,C,a,r,e, ,C,o,s,t, ,C,a,r,e, ,C,o,s,t, ,C,o,n,t,a,i,n,m,e,n,t, ,C,o,s,t, ,C,o,n,t,a,i,n,m,e,n,t, ,C,o,u,n,c,i,l
P,A, ,H,i,g,h,e,r, ,E,d,u,c,a,t,i,o,n, ,H,i,g,h,e,r, ,E,d,u,c,a,t,i,o,n, ,A,s,s,i,s,t,a,n,c,e, ,E,d,u,c,a,t,i,o,n, ,A,s,s,i,s,t,a,n,c,e, ,A,g,e,n,c,y
P,A, ,H,i,g,h,e,r, ,E,d,u,c,a,t,i,o,n,a,l, ,H,i,g,h,e,r, ,E,d,u,c,a,t,i,o,n,a,l, ,F,a,c,i,l,i,t,i,e,s, ,E,d,u,c,a,t,i,o,n,a,l, ,F,a,c,i,l,i,t,i,e,s, ,A,u,t,h,o,r,i,t,y
P,A, ,H,o,u,s,i,n,g, ,F,i,n,a,n,c,e, ,H,o,u,s,i,n,g, ,F,i,n,a,n,c,e, ,A,g,e,n,c,y
P,a,t, ,H,a,r,r,i,s,o,n, ,W,a,t,e,r,w,a,y, ,H,a,r,r,i,s,o,n, ,W,a,t,e,r,w,a,y, ,D,i,s,t,r,i,c,t, ,W,a,t,e,r,w,a,y, ,D,i,s,t,r,i,c,t, ,P,H,W,D


S,t,a,t,e, ,P,o,t,a,t,o, ,C,o,m,m,i,s,s,i,o,n

Q,u,e,e,n, ,A,n,n,e,s, ,R,e,v,e,n,g,e
U,n,i,n,s,u,r,e,d, ,E,m,p,l,o,y,e,r,s, ,F,u,n,d
O,K, ,S,t,a,t,e, ,A,G, ,S,t,a,t,e, ,A,G, ,E,c,o,n, ,A,G, ,E,c,o,n, ,O,S,U


R,e,d, ,R,a,s,p,b,e,r,r,y, ,C,o,m,m,i,s,s,i,o,n
T,h,e, ,S,t,a,t,e, ,B,o,a,r,d, ,S,t,a,t,e, ,B,o,a,r,d, ,R,e,f,r,i,g,e,r,a,t,i,o,n, ,B,o,a,r,d, ,R,e,f,r,i,g,e,r,a,t,i,o,n, ,E,x,a,m,i,n,e,r,s
D,i,v,i,s,i,o,n, ,V,o,c,a,t,i,o,n,a,l, ,R,e,h,a,b,i,l,i,t,a,t,i,o,n, ,V,o,c,a,t,i,o,n,a,l, ,R,e,h,a,b,i,l,i,t,a,t,i,o,n, ,D,e,p,a,r,t,m,e,n,t, ,R,e,h,a,b,i,l,i,t,a,t,i,o,n, ,D,e,p,a,r,t,m,e,n,t, ,E,d,u,c,a,t,i,o,n
C,l,e,a,n, ,W,a,t,e,r, ,F,i,n,a,n,c,e, ,W,a,t,e,r, ,F,i,n,a,n,c,e, ,A,g,e,n,c,y
E,m,i,s,s,i,o,n,s, ,S,a,f,e,t,y, ,T,e,s,t,i,n,g

P,u,b,l,i,c, ,U,t,i,l,i,t,i,e,s, ,C,o,m,m,i,s,s,i,o,n
T,u,r,n,p,i,k,e, ,B,r,i,d,g,e, ,A,u,t,h,o,r,i,t,y


N,C, ,S,a,f,e, ,H,a,v,e,n, ,S,a,f,e, ,H,a,v,e,n, ,L,a,w, ,H,a,v,e,n, ,L,a,w, ,A,b,a,n,d,o,n,e,d, ,L,a,w, ,A,b,a,n,d,o,n,e,d, ,I,n,f,a,n,t, ,A,b,a,n,d,o,n,e,d, ,I,n,f,a,n,t, ,P,r,o,t,e,c,t,i,o,n, ,I,n,f,a,n,t, ,P,r,o,t,e,c,t,i,o,n, ,L,a,w, ,P,r,o,t,e,c,t,i,o,n, ,L,a,w, ,S,i,t,e
T,h,e, ,w,e,b,s,i,t,e, ,C,e,n,t,e,r, ,w,e,b,s,i,t,e, ,C,e,n,t,e,r, ,A,g,i,n,g, ,C,e,n,t,e,r, ,A,g,i,n,g, ,V,C,o,A

O,f,f,i,c,e, ,S,t,a,t,e, ,A,u,d,i,t,o,r
S,a,v,e, ,W,a,t,e,r, ,N,C
S,t,a,t,e, ,B,o,a,r,d, ,A,d,m,i,n,i,s,t,r,a,t,i,o,n
S,t,a,t,e, ,B,o,a,r,d, ,C,o,m,m,u,n,i,t,y, ,B,o,a,r,d, ,C,o,m,m,u,n,i,t,y, ,T,e,c,h,n,i,c,a,l, ,C,o,m,m,u,n,i,t,y, ,T,e,c,h,n,i,c,a,l, ,C,o,l,l,e,g,e,s
S,t,a,t,e, ,C,o,l,l,e,g,e, ,B,o,r,o,u,g,h, ,C,o,l,l,e,g,e, ,B,o,r,o,u,g,h, ,W,a,t,e,r, ,B,o,r,o,u,g,h, ,W,a,t,e,r, ,A,u,t,h,o,r,i,t,y
S,C, ,d,e,p,t, ,c,o,m,m,e,r,c,e
S,C, ,j,u,d,i,c,i,a,l, ,c,o,u,r,t,s


E,m,e,r,g,e,n,c,y, ,M,a,n,a,g,e,m,e,n,t, ,D,i,v,i,s,i,o,n
S,C, ,e,a,r,l,y, ,c,h,i,l,d,h,o,o,d, ,e,a,r,l,y, ,c,h,i,l,d,h,o,o,d, ,e,d,u,c,a,t,i,o,n, ,c,h,i,l,d,h,o,o,d, ,e,d,u,c,a,t,i,o,n, ,p,r,o,g,r,a,m
S,C, ,G,o,v, ,M,a,n,s,i,o,n
S,C, ,g,o,v,o,n,e,r,s, ,s,c,h,o,o,l, ,g,o,v,o,n,e,r,s, ,s,c,h,o,o,l, ,s,c,i,e,n,c,e, ,s,c,h,o,o,l, ,s,c,i,e,n,c,e, ,m,a,t,h
S,C, ,N,a,t,i,o,n,a,l, ,G,u,a,r,d
T,h,e, ,S,t,a,t,e, ,C,o,u,n,c,i,l, ,S,t,a,t,e, ,C,o,u,n,c,i,l, ,H,i,g,h,e,r, ,C,o,u,n,c,i,l, ,H,i,g,h,e,r, ,E,d,u,c,a,t,i,o,n, ,H,i,g,h,e,r, ,E,d,u,c,a,t,i,o,n, ,S,C,H,E,V, ,E,d,u,c,a,t,i,o,n, ,S,C,H,E,V, ,m,a,k,e,s, ,S,C,H,E,V, ,m,a,k,e,s, ,h,i,g,h,e,r, ,m,a,k,e,s, ,h,i,g,h,e,r, ,e,d,u,c,a,t,i,o,n, ,h,i,g,h,e,r, ,e,d,u,c,a,t,i,o,n, ,p,u,b,l,i,c, ,e,d,u,c,a,t,i,o,n, ,p,u,b,l,i,c, ,p,o,l,i,c,y, ,p,u,b,l,i,c, ,p,o,l,i,c,y, ,r,e,c,o,m,m,e,n,d,a,t,i,o,n,s, ,p,o,l,i,c,y, ,r,e,c,o,m,m,e,n,d,a,t,i,o,n,s, ,G,o,v,e,r,n,o,r, ,r,e,c,o,m,m,e,n,d,a,t,i,o,n,s, ,G,o,v,e,r,n,o,r, ,G,e,n,e,r,a,l, ,G,o,v,e,r,n,o,r, ,G,e,n,e,r,a,l, ,A,s,s,e,m,b,l,y, ,G,e,n,e,r,a,l, ,A,s,s,e,m,b,l,y, ,a,r,e,a,s, ,A,s,s,e,m,b,l,y, ,a,r,e,a,s, ,c,a,p,i,t,a,l, ,a,r,e,a,s, ,c,a,p,i,t,a,l, ,o,p,e,r,a,t,i,n,g, ,c,a,p,i,t,a,l, ,o,p,e,r,a,t,i,n,g, ,b,u,d,g,e,t, ,o,p,e,r,a,t,i,n,g, ,b,u,d,g,e,t, ,p,l,a,n,n,i,n,g
S,c,h,o,o,l, ,P,l,a,n,n,i,n,g, ,S,e,c,t,i,o,n
S,o,u,t,h, ,C,a,r,o,l,i,n,a, ,I,n,d,e,p,e,n,d,e,n,t, ,C,a,r,o,l,i,n,a, ,I,n,d,e,p,e,n,d,e,n,t, ,L,i,v,i,n,g, ,I,n,d,e,p,e,n,d,e,n,t, ,L,i,v,i,n,g, ,C,o,u,n,c,i,l, ,L,i,v,i,n,g, ,C,o,u,n,c,i,l, ,S,C,I,L,C
S,o,u,t,h, ,C,a,r,o,l,i,n,a, ,I,n,d,e,p,e,n,d,e,n,t, ,C,a,r,o,l,i,n,a, ,I,n,d,e,p,e,n,d,e,n,t, ,L,i,v,i,n,g, ,I,n,d,e,p,e,n,d,e,n,t, ,L,i,v,i,n,g, ,C,o,u,n,c,i,l, ,L,i,v,i,n,g, ,C,o,u,n,c,i,l, ,S,C,I,L,C
T,h,e, ,E,P,S,C,o,R,I,D,e,A, ,P,r,o,g,r,a,m
S,C, ,m,a,l,p,r,a,c,t,i,c,e, ,p,a,t,i,e,n,t, ,m,a,l,p,r,a,c,t,i,c,e, ,p,a,t,i,e,n,t, ,c,o,m,p,e,n,s,a,t,i,o,n, ,p,a,t,i,e,n,t, ,c,o,m,p,e,n,s,a,t,i,o,n, ,f,u,n,d
S,c,h,o,o,l, ,D,e,a,f, ,B,l,i,n,d
S,t,a,t,e,w,i,d,e, ,I,n,d,e,p,e,n,d,e,n,t, ,L,i,v,i,n,g, ,I,n,d,e,p,e,n,d,e,n,t, ,L,i,v,i,n,g, ,C,o,u,n,c,i,l, ,L,i,v,i,n,g, ,C,o,u,n,c,i,l, ,S,I,L,C
S,C, ,s,e,c, ,s,t,a,t,e

H,i,g,h,e,r, ,E,d,u,c,a,t,i,o,n,T,u,i,t,i,o,n, ,G,r,a,n,t,s, ,E,d,u,c,a,t,i,o,n,T,u,i,t,i,o,n, ,G,r,a,n,t,s, ,C,o,m,m,i,s,s,i,o,n
S,C, ,S,t,a,t,e, ,E,l,e,c,t,i,o,n, ,S,t,a,t,e, ,E,l,e,c,t,i,o,n, ,C,o,m,m,i,t,t,e,e
S,C, ,V,o,c,a,b, ,R,e,h,a,b

H,o,u,s,i,n,g, ,D,e,v,e,l,o,p,m,e,n,t, ,A,u,t,h,o,r,i,t,y
S,T,A,T,E, ,E,M,P,L,O,Y,E,E,S, ,A,S,S,O,C,I,A,T,I,O,N, ,E,M,P,L,O,Y,E,E,S, ,A,S,S,O,C,I,A,T,I,O,N, ,O,F, ,A,S,S,O,C,I,A,T,I,O,N, ,O,F, ,N,O,R,T,H, ,O,F, ,N,O,R,T,H, ,C,A,R,O,L,I,N,A


A,u,t,h,o,r,i,z,e,d, ,S,e,r,v,i,c,e, ,W,e,b,s,i,t,e, ,S,e,r,v,i,c,e, ,W,e,b,s,i,t,e, ,D,e,p,a,r,t,m,e,n,t, ,W,e,b,s,i,t,e, ,D,e,p,a,r,t,m,e,n,t, ,T,r,a,n,s,p,o,r,t,a,t,i,o,n
S,t,a,t,e, ,P,o,r,t, ,A,u,t,h,o,r,i,t,y
S,t,a,t,e, ,H,e,a,l,t,h, ,P,l,a,n, ,H,e,a,l,t,h, ,P,l,a,n, ,T,e,a,c,h,e,r,s, ,P,l,a,n, ,T,e,a,c,h,e,r,s, ,S,t,a,t,e, ,T,e,a,c,h,e,r,s, ,S,t,a,t,e, ,E,m,p,l,o,y,e,e,s
S,L,E,D, ,S,t,a,t,e,w,i,d,e, ,L,i,b,r,a,r,y, ,S,t,a,t,e,w,i,d,e, ,L,i,b,r,a,r,y, ,E,l,e,c,t,r,o,n,i,c, ,L,i,b,r,a,r,y, ,E,l,e,c,t,r,o,n,i,c, ,D,o,o,r,w,a,y
S,t,a,t,e, ,L,a,b,o,r,a,t,o,r,y, ,P,u,b,l,i,c, ,L,a,b,o,r,a,t,o,r,y, ,P,u,b,l,i,c, ,H,e,a,l,t,h

N,C, ,S,e,c,r,e,t,a,r,y, ,O,f, ,S,e,c,r,e,t,a,r,y, ,O,f, ,S,t,a,t,e
s,o,u,t,h, ,c,a,r,o,l,i,n,a, ,a,r,t,s, ,c,a,r,o,l,i,n,a, ,a,r,t,s, ,c,o,m,m,i,s,s,i,o,n
s,o,u,t,h, ,c,a,r,o,l,i,n,a, ,h,i,s,t,o,r,i,c,a,l, ,c,a,r,o,l,i,n,a, ,h,i,s,t,o,r,i,c,a,l, ,s,o,c,i,e,t,y
P,A, ,S,t,a,t,e, ,P,u,b,l,i,c, ,S,t,a,t,e, ,P,u,b,l,i,c, ,S,c,h,o,o,l, ,P,u,b,l,i,c, ,S,c,h,o,o,l, ,B,u,i,l,d,i,n,g, ,S,c,h,o,o,l, ,B,u,i,l,d,i,n,g, ,A,u,t,h,o,r,i,t,y
S,u,s,q,u,e,h,a,n,n,a, ,R,i,v,e,r, ,B,a,s,i,n, ,R,i,v,e,r, ,B,a,s,i,n, ,C,o,m,m,i,s,s,i,o,n, ,B,a,s,i,n, ,C,o,m,m,i,s,s,i,o,n, ,¬,†,T,h,e, ,C,o,m,m,i,s,s,i,o,n, ,¬,†,T,h,e, ,S,u,s,q,u,e,h,a,n,n,a, ,¬,†,T,h,e, ,S,u,s,q,u,e,h,a,n,n,a, ,R,i,v,e,r, ,S,u,s,q,u,e,h,a,n,n,a, ,R,i,v,e,r, ,B,a,s,i,n, ,R,i,v,e,r, ,B,a,s,i,n, ,C,o,m,p,a,c,t

N,o,r,t,h, ,C,a,r,o,l,i,n,a,s, ,J,u,s,t,u,s,W,a,r,r,e,n, ,C,a,r,o,l,i,n,a,s, ,J,u,s,t,u,s,W,a,r,r,e,n, ,H,e,a,r,t, ,J,u,s,t,u,s,W,a,r,r,e,n, ,H,e,a,r,t, ,D,i,s,e,a,s,e, ,H,e,a,r,t, ,D,i,s,e,a,s,e, ,S,t,r,o,k,e, ,D,i,s,e,a,s,e, ,S,t,r,o,k,e, ,P,r,e,v,e,n,t,i,o,n, ,S,t,r,o,k,e, ,P,r,e,v,e,n,t,i,o,n, ,T,a,s,k, ,P,r,e,v,e,n,t,i,o,n, ,T,a,s,k, ,F,o,r,c,e
s,t,a,t,e,a,k,u,s, ,p,a,t,t,e,r,n, ,i,n,c,l,u,d,e, ,p,a,t,t,e,r,n, ,i,n,c,l,u,d,e, ,s,t,a,t,e, ,i,n,c,l,u,d,e, ,s,t,a,t,e, ,a,g,e,n,c,i,e,s
s,t,a,t,e,a,l,u,s, ,p,a,t,t,e,r,n, ,i,n,c,l,u,d,e, ,p,a,t,t,e,r,n, ,i,n,c,l,u,d,e, ,s,t,a,t,e, ,i,n,c,l,u,d,e, ,s,t,a,t,e, ,a,g,e,n,c,i,e,s
s,t,a,t,e,a,r,u,s, ,p,a,t,t,e,r,n, ,S,t,a,t,e, ,p,a,t,t,e,r,n, ,S,t,a,t,e, ,a,g,e,n,c,i,e,s
s,t,a,t,e,a,z,u,s, ,p,a,t,t,e,r,n, ,i,n,c,l,u,d,e, ,p,a,t,t,e,r,n, ,i,n,c,l,u,d,e, ,s,t,a,t,e, ,i,n,c,l,u,d,e, ,s,t,a,t,e, ,a,g,e,n,c,i,e,s
s,t,a,t,e,c,a,u,s, ,p,a,t,t,e,r,n, ,i,n,c,l,u,d,e, ,p,a,t,t,e,r,n, ,i,n,c,l,u,d,e, ,s,t,a,t,e, ,i,n,c,l,u,d,e, ,s,t,a,t,e, ,a,g,e,n,c,i,e,s
I,n,c,l,u,d,e,d, ,f,i,n,d, ,s,t,a,t,e,c,o,u,s, ,f,i,n,d, ,s,t,a,t,e,c,o,u,s, ,p,a,t,t,e,r,n, ,s,t,a,t,e,c,o,u,s, ,p,a,t,t,e,r,n, ,f,i,n,d, ,p,a,t,t,e,r,n, ,f,i,n,d, ,s,t,a,t,e, ,f,i,n,d, ,s,t,a,t,e, ,w,e,b,s,i,t,e,s
s,t,a,t,e,f,l,u,s, ,p,a,t,t,e,r,n, ,i,n,c,l,u,d,e, ,p,a,t,t,e,r,n, ,i,n,c,l,u,d,e, ,s,t,a,t,e, ,i,n,c,l,u,d,e, ,s,t,a,t,e, ,a,g,e,n,c,i,e,s
S,t,a,t,e, ,G,a, ,w,e,b,s,i,t,e

P,a,t,t,e,r,n, ,s,t,a,t,e,i,d,u,s, ,w,e,b,s,i,t,e,s




M,a,s,s, ,S,t,a,t,e, ,W,e,b,s,i,t,e
S,t,a,t,e, ,w,e,b,s,i,t,e, ,h,t,t,p,w,w,w,m,a,r,y,l,a,n,d,g,o,v, ,w,e,b,s,i,t,e, ,h,t,t,p,w,w,w,m,a,r,y,l,a,n,d,g,o,v, ,s,t,a,t,e,m,d,u,s, ,h,t,t,p,w,w,w,m,a,r,y,l,a,n,d,g,o,v, ,s,t,a,t,e,m,d,u,s, ,p,a,t,t,e,r,n, ,s,t,a,t,e,m,d,u,s, ,p,a,t,t,e,r,n, ,i,n,c,l,u,d,e, ,p,a,t,t,e,r,n, ,i,n,c,l,u,d,e, ,s,t,a,t,e, ,i,n,c,l,u,d,e, ,s,t,a,t,e, ,a,g,e,n,c,i,e,s


M,i,n,n,e,s,o,t,a,g,o,v, ,p,o,r,t,a,l, ,e,l,e,c,t,r,o,n,i,c, ,p,o,r,t,a,l, ,e,l,e,c,t,r,o,n,i,c, ,e,n,t,r,y, ,e,l,e,c,t,r,o,n,i,c, ,e,n,t,r,y, ,p,o,i,n,t, ,e,n,t,r,y, ,p,o,i,n,t, ,S,t,a,t,e, ,p,o,i,n,t, ,S,t,a,t,e, ,g,o,v,e,r,n,m,e,n,t, ,S,t,a,t,e, ,g,o,v,e,r,n,m,e,n,t, ,i,n,f,o,r,m,a,t,i,o,n, ,g,o,v,e,r,n,m,e,n,t, ,i,n,f,o,r,m,a,t,i,o,n, ,s,e,r,v,i,c,e,s

s,t,a,t,e,n,e,u,s, ,p,a,t,t,e,r,n, ,i,n,c,l,u,d,e, ,p,a,t,t,e,r,n, ,i,n,c,l,u,d,e, ,s,e,v,e,r,a,l, ,i,n,c,l,u,d,e, ,s,e,v,e,r,a,l, ,s,t,a,t,e, ,s,e,v,e,r,a,l, ,s,t,a,t,e, ,a,g,e,n,c,i,e,s
N,H, ,S,t,a,t,e, ,W,e,b,s,i,t,e
h,t,t,p,w,w,w,s,t,a,t,e,n,j,u,s, ,h,t,t,p,w,w,w,n,j,g,o,v, ,r,e,s,o,l,v,e, ,h,t,t,p,w,w,w,n,j,g,o,v, ,r,e,s,o,l,v,e, ,s,i,t,e, ,r,e,s,o,l,v,e, ,s,i,t,e, ,n,s,t,a,t,e,n,j,u,s, ,s,i,t,e, ,n,s,t,a,t,e,n,j,u,s, ,p,a,t,t,e,r,n, ,n,s,t,a,t,e,n,j,u,s, ,p,a,t,t,e,r,n, ,i,n,c,l,u,d,e, ,p,a,t,t,e,r,n, ,i,n,c,l,u,d,e, ,s,t,a,t,e, ,i,n,c,l,u,d,e, ,s,t,a,t,e, ,a,g,e,n,c,i,e,s


S,t,a,t,e, ,O,K, ,w,e,b,s,i,t,e
h,t,t,p,w,w,w,s,t,a,t,e,o,r,u,s, ,r,e,s,o,l,v,e,s, ,n,o,n,s,t,y,l,e,d, ,r,e,s,o,l,v,e,s, ,n,o,n,s,t,y,l,e,d, ,v,e,r,s,i,o,n, ,n,o,n,s,t,y,l,e,d, ,v,e,r,s,i,o,n, ,h,t,t,p,w,w,w,o,r,e,g,o,n,g,o,v, ,v,e,r,s,i,o,n, ,h,t,t,p,w,w,w,o,r,e,g,o,n,g,o,v, ,n,s,t,a,t,e,o,r,u,s, ,h,t,t,p,w,w,w,o,r,e,g,o,n,g,o,v, ,n,s,t,a,t,e,o,r,u,s, ,p,a,t,t,e,r,n, ,n,s,t,a,t,e,o,r,u,s, ,p,a,t,t,e,r,n, ,i,n,c,l,u,d,e,d, ,p,a,t,t,e,r,n, ,i,n,c,l,u,d,e,d, ,f,i,n,d, ,i,n,c,l,u,d,e,d, ,f,i,n,d, ,S,t,a,t,e, ,f,i,n,d, ,S,t,a,t,e, ,a,g,e,n,c,i,e,s

S,t,a,t,e, ,G,o,v,e,r,n,m,e,n,t, ,W,e,b,s,i,t,e
O,f,f,i,c,i,a,l, ,s,i,t,e, ,G,o,v,e,r,n,m,e,n,t
T,h,e, ,o,f,f,i,c,i,a,l, ,w,e,b,s,i,t,e, ,o,f,f,i,c,i,a,l, ,w,e,b,s,i,t,e, ,C,o,m,m,o,n,w,e,a,l,t,h


s,t,a,t,e,w,i,u,s, ,p,a,t,t,e,r,n, ,i,n,c,l,u,d,e,d, ,p,a,t,t,e,r,n, ,i,n,c,l,u,d,e,d, ,v,a,r,i,o,u,s, ,i,n,c,l,u,d,e,d, ,v,a,r,i,o,u,s, ,D,e,p,a,r,t,m,e,n,t,l,e,v,e,l, ,v,a,r,i,o,u,s, ,D,e,p,a,r,t,m,e,n,t,l,e,v,e,l, ,a,g,e,n,c,i,e,s
S,t,a,t,e, ,t,r,a,v,e,l, ,t,o,u,r,i,s,m, ,t,r,a,v,e,l, ,t,o,u,r,i,s,m, ,w,e,b,s,i,t,e

S,t,a,t,e,n, ,I,s,l,a,n,d, ,B,o,r,o,u,g,h, ,I,s,l,a,n,d, ,B,o,r,o,u,g,h, ,P,r,e,s,i,d,e,n,t
N,C, ,D,i,v,i,s,i,o,n, ,S,u,r,p,l,u,s, ,D,i,v,i,s,i,o,n, ,S,u,r,p,l,u,s, ,P,r,o,p,e,r,t,y
N,C, ,s,u,s,t,a,i,n,a,b,i,l,i,t,y, ,c,o,n,n,e,c,t,i,o,n



F,o,r,e,i,g,n, ,L,a,n,g,u,a,g,e, ,I,n,s,t,i,t,u,t,e
H,o,u,s,i,n,g, ,D,e,v,e,l,o,p,m,e,n,t, ,A,g,e,n,c,y
k,e,n,t,u,c,k,y, ,c,a,b,i,n,e,t, ,e,c,o,n,o,m,i,c, ,c,a,b,i,n,e,t, ,e,c,o,n,o,m,i,c, ,d,e,v,e,l,o,p,m,e,n,t
M,u,n,i,c,i,p,a,l, ,R,e,t,i,r,e,m,e,n,t, ,S,y,s,t,e,m, ,R,e,t,i,r,e,m,e,n,t, ,S,y,s,t,e,m, ,T,M,R,S
D,i,s,t,r,i,c,t, ,A,t,t,o,r,n,e,y,s, ,G,e,n,e,r,a,l, ,A,t,t,o,r,n,e,y,s, ,G,e,n,e,r,a,l, ,C,o,n,f,e,r,e,n,c,e
E,m,e,r,g,e,n,c,y, ,M,a,n,a,g,e,m,e,n,t, ,A,g,e,n,c,y



P,a,r,k,s, ,W,i,l,d,l,i,f,e, ,m,a,g,a,z,i,n,e
T,r,a,v,e,l, ,T,o,u,r,i,s,m, ,S,i,t,e
T,r,a,v,e,l, ,T,o,u,r,i,s,m, ,S,i,t,e
T,r,a,v,e,l, ,T,o,u,r,i,s,m, ,S,i,t,e
T,r,a,v,e,l, ,T,o,u,r,i,s,m, ,S,i,t,e,s
T,r,a,v,e,l, ,T,o,u,r,i,s,m, ,S,i,t,e,s
T,r,a,v,e,l, ,T,o,u,r,i,s,m, ,S,i,t,e
T,r,a,v,e,l, ,T,o,u,r,i,s,m, ,S,i,t,e,s
T,r,a,v,e,l, ,T,o,u,r,i,s,m, ,S,i,t,e,s
T,r,a,v,e,l, ,T,o,u,r,i,s,m, ,S,i,t,e,s

T,r,e,e, ,F,r,u,i,t, ,R,e,s,e,a,r,c,h, ,F,r,u,i,t, ,R,e,s,e,a,r,c,h, ,C,o,m,m,i,s,s,i,o,n
S,t,a,t,e, ,T,o,b,a,c,c,o, ,S,e,t,t,l,e,m,e,n,t, ,T,o,b,a,c,c,o, ,S,e,t,t,l,e,m,e,n,t, ,A,u,t,h,o,r,i,t,y


U,n,i,v,e,r,s,i,t,y, ,F,a,i,r,b,a,n,k,s, ,C,o,o,p,e,r,a,t,i,v,e, ,F,a,i,r,b,a,n,k,s, ,C,o,o,p,e,r,a,t,i,v,e, ,E,x,t,e,n,s,i,o,n, ,C,o,o,p,e,r,a,t,i,v,e, ,E,x,t,e,n,s,i,o,n, ,S,e,r,v,i,c,e

U,S, ,B,u,r,e,a,u, ,E,c,o,n,o,m,i,c, ,B,u,r,e,a,u, ,E,c,o,n,o,m,i,c, ,R,e,s,e,a,r,c,h
U,S, ,E,c,o,n,o,m,i,c, ,D,e,v,e,l,o,p,m,e,n,t, ,E,c,o,n,o,m,i,c, ,D,e,v,e,l,o,p,m,e,n,t, ,A,u,t,h,o,r,i,t,y


U,n,i,v,e,r,s,i,t,y, ,C,o,o,p,e,r,a,t,i,v,e, ,E,x,t,e,n,s,i,o,n, ,C,o,o,p,e,r,a,t,i,v,e, ,E,x,t,e,n,s,i,o,n, ,S,e,r,v,i,c,e
S,t,a,t,e, ,R,e,h,a,b,i,l,i,t,a,t,i,o,n, ,C,o,u,n,c,i,l, ,R,e,h,a,b,i,l,i,t,a,t,i,o,n, ,C,o,u,n,c,i,l, ,S,R,C
T,h,e, ,A,s,s,o,c,i,a,t,i,o,n, ,A,s,s,e,s,s,i,n,g, ,A,s,s,o,c,i,a,t,i,o,n, ,A,s,s,e,s,s,i,n,g, ,O,f,f,i,c,e,r,s, ,A,s,s,e,s,s,i,n,g, ,O,f,f,i,c,e,r,s, ,p,r,o,f,e,s,s,i,o,n,a,l, ,O,f,f,i,c,e,r,s, ,p,r,o,f,e,s,s,i,o,n,a,l, ,o,r,g,a,n,i,z,a,t,i,o,n, ,p,r,o,f,e,s,s,i,o,n,a,l, ,o,r,g,a,n,i,z,a,t,i,o,n, ,a,s,s,e,s,s,o,r,s, ,o,r,g,a,n,i,z,a,t,i,o,n, ,a,s,s,e,s,s,o,r,s, ,a,p,p,r,a,i,s,e,r,s, ,a,s,s,e,s,s,o,r,s, ,a,p,p,r,a,i,s,e,r,s, ,s,t,a,t,e, ,a,p,p,r,a,i,s,e,r,s, ,s,t,a,t,e, ,l,o,c,a,l, ,s,t,a,t,e, ,l,o,c,a,l, ,g,o,v,e,r,n,m,e,n,t,s, ,l,o,c,a,l, ,g,o,v,e,r,n,m,e,n,t,s, ,t,h,r,o,u,g,h,o,u,t, ,g,o,v,e,r,n,m,e,n,t,s, ,t,h,r,o,u,g,h,o,u,t, ,C,o,m,m,o,n,w,e,a,l,t,h, ,t,h,r,o,u,g,h,o,u,t, ,C,o,m,m,o,n,w,e,a,l,t,h, ,T,h,e, ,C,o,m,m,o,n,w,e,a,l,t,h, ,T,h,e, ,o,r,g,a,n,i,z,a,t,i,o,n,s, ,T,h,e, ,o,r,g,a,n,i,z,a,t,i,o,n,s, ,m,i,s,s,i,o,n, ,o,r,g,a,n,i,z,a,t,i,o,n,s, ,m,i,s,s,i,o,n, ,i,m,p,r,o,v,e, ,m,i,s,s,i,o,n, ,i,m,p,r,o,v,e, ,a,s,s,e,s,s,m,e,n,t, ,i,m,p,r,o,v,e, ,a,s,s,e,s,s,m,e,n,t, ,s,t,a,n,d,a,r,d,s
B,o,a,r,d, ,P,e,o,p,l,e, ,D,i,s,a,b,i,l,i,t,i,e,s
C,o,m,m,o,n,w,e,a,l,t,h, ,N,e,u,r,o,t,r,a,u,m,a, ,I,n,i,t,i,a,t,i,v,e, ,N,e,u,r,o,t,r,a,u,m,a, ,I,n,i,t,i,a,t,i,v,e, ,C,N,I, ,I,n,i,t,i,a,t,i,v,e, ,C,N,I, ,T,r,u,s,t, ,C,N,I, ,T,r,u,s,t, ,F,u,n,d
D,e,p,a,r,t,m,e,n,t, ,A,g,i,n,g, ,R,e,h,a,b,i,l,i,t,a,t,i,v,e, ,A,g,i,n,g, ,R,e,h,a,b,i,l,i,t,a,t,i,v,e, ,S,e,r,v,i,c,e,s
D,e,p,a,r,t,m,e,n,t, ,A,g,i,n,g, ,R,e,h,a,b,i,l,i,t,a,t,i,v,e, ,A,g,i,n,g, ,R,e,h,a,b,i,l,i,t,a,t,i,v,e, ,S,e,r,v,i,c,e,s
D,i,s,a,b,i,l,i,t,y, ,S,e,r,v,i,c,e,s, ,A,g,e,n,c,i,e,s
D,e,p,a,r,t,m,e,n,t, ,F,i,r,e, ,P,r,o,g,r,a,m,s

S,t,a,t,e,w,i,d,e, ,I,n,d,e,p,e,n,d,e,n,t, ,L,i,v,i,n,g, ,I,n,d,e,p,e,n,d,e,n,t, ,L,i,v,i,n,g, ,C,o,u,n,c,i,l
A,s,s,i,s,t,i,v,e, ,T,e,c,h,n,o,l,o,g,y, ,S,y,s,t,e,m
C,a,r,e,e,r, ,E,d,u,c,a,t,i,o,n, ,F,o,u,n,d,a,t,i,o,n, ,E,d,u,c,a,t,i,o,n, ,F,o,u,n,d,a,t,i,o,n, ,n,o,n,p,r,o,f,i,t, ,F,o,u,n,d,a,t,i,o,n, ,n,o,n,p,r,o,f,i,t, ,o,r,g,a,n,i,z,a,t,i,o,n, ,n,o,n,p,r,o,f,i,t, ,o,r,g,a,n,i,z,a,t,i,o,n, ,w,o,r,k,s, ,o,r,g,a,n,i,z,a,t,i,o,n, ,w,o,r,k,s, ,i,n,c,r,e,a,s,e, ,w,o,r,k,s, ,i,n,c,r,e,a,s,e, ,n,u,m,b,e,r, ,i,n,c,r,e,a,s,e, ,n,u,m,b,e,r, ,q,u,a,l,i,f,i,e,d, ,n,u,m,b,e,r, ,q,u,a,l,i,f,i,e,d, ,a,p,p,l,i,c,a,n,t,s, ,q,u,a,l,i,f,i,e,d, ,a,p,p,l,i,c,a,n,t,s, ,a,v,a,i,l,a,b,l,e, ,a,p,p,l,i,c,a,n,t,s, ,a,v,a,i,l,a,b,l,e, ,f,i,l,l, ,a,v,a,i,l,a,b,l,e, ,f,i,l,l, ,t,e,c,h,n,i,c,a,l, ,f,i,l,l, ,t,e,c,h,n,i,c,a,l, ,p,o,s,i,t,i,o,n,s, ,t,e,c,h,n,i,c,a,l, ,p,o,s,i,t,i,o,n,s, ,t,h,r,o,u,g,h,o,u,t, ,p,o,s,i,t,i,o,n,s, ,t,h,r,o,u,g,h,o,u,t, ,C,o,m,m,o,n,w,e,a,l,t,h, ,t,h,r,o,u,g,h,o,u,t, ,C,o,m,m,o,n,w,e,a,l,t,h, ,V,i,r,g,i,n,i,a
D,e,p,a,r,t,m,e,n,t, ,B,l,i,n,d, ,V,i,s,i,o,n, ,B,l,i,n,d, ,V,i,s,i,o,n, ,I,m,p,a,i,r,e,d
D,e,p,a,r,t,m,e,n,t, ,D,e,a,f, ,H,a,r,d, ,D,e,a,f, ,H,a,r,d, ,H,e,a,r,i,n,g, ,H,a,r,d, ,H,e,a,r,i,n,g, ,V,D,D,H,H
S,t,a,t,e, ,C,a,r,o,l,i,n,a,s, ,V,e,n,d,o,r, ,C,a,r,o,l,i,n,a,s, ,V,e,n,d,o,r, ,R,e,g,i,s,t,r,a,t,i,o,n


T,r,a,v,e,l, ,T,o,u,r,i,s,m, ,S,i,t,e
H,o,u,s,i,n,g, ,D,e,v,e,l,o,p,m,e,n,t, ,A,u,t,h,o,r,i,t,y
H,o,u,s,i,n,g, ,F,i,n,a,n,c,e, ,A,g,e,n,c,y
T,h,e, ,H,o,r,s,e, ,I,n,d,u,s,t,r,y, ,H,o,r,s,e, ,I,n,d,u,s,t,r,y, ,B,o,a,r,d, ,I,n,d,u,s,t,r,y, ,B,o,a,r,d, ,r,e,s,p,o,n,s,i,b,l,e, ,B,o,a,r,d, ,r,e,s,p,o,n,s,i,b,l,e, ,p,r,o,m,o,t,i,o,n, ,r,e,s,p,o,n,s,i,b,l,e, ,p,r,o,m,o,t,i,o,n, ,e,c,o,n,o,m,i,c, ,p,r,o,m,o,t,i,o,n, ,e,c,o,n,o,m,i,c, ,d,e,v,e,l,o,p,m,e,n,t, ,e,c,o,n,o,m,i,c, ,d,e,v,e,l,o,p,m,e,n,t, ,h,o,r,s,e, ,d,e,v,e,l,o,p,m,e,n,t, ,h,o,r,s,e, ,i,n,d,u,s,t,r,y, ,h,o,r,s,e, ,i,n,d,u,s,t,r,y, ,V,i,r,g,i,n,i,a, ,i,n,d,u,s,t,r,y, ,V,i,r,g,i,n,i,a, ,o,p,e,r,a,t,e,s, ,V,i,r,g,i,n,i,a, ,o,p,e,r,a,t,e,s, ,V,i,r,g,i,n,i,a, ,o,p,e,r,a,t,e,s, ,V,i,r,g,i,n,i,a, ,D,e,p,a,r,t,m,e,n,t, ,V,i,r,g,i,n,i,a, ,D,e,p,a,r,t,m,e,n,t, ,A,g,r,i,c,u,l,t,u,r,e, ,D,e,p,a,r,t,m,e,n,t, ,A,g,r,i,c,u,l,t,u,r,e, ,C,o,n,s,u,m,e,r, ,A,g,r,i,c,u,l,t,u,r,e, ,C,o,n,s,u,m,e,r, ,S,e,r,v,i,c,e,s


O,f,f,i,c,e, ,I,n,s,p,e,c,t,o,r, ,G,e,n,e,r,a,l
U,S, ,P,o,l,i,c,e, ,D,e,p,a,r,t,m,e,n,t
T,r,a,v,e,l, ,T,o,u,r,i,s,m, ,S,i,t,e,s
C,o,l,l,e,g,e, ,S,a,v,i,n,g,s, ,P,l,a,n
E,c,o,n,o,m,i,c, ,D,e,v,e,l,o,p,m,e,n,t, ,P,a,r,t,n,e,r,s,h,i,p,s, ,D,e,v,e,l,o,p,m,e,n,t, ,P,a,r,t,n,e,r,s,h,i,p,s, ,A,l,l,y, ,P,a,r,t,n,e,r,s,h,i,p,s, ,A,l,l,y, ,I,n,f,o,r,m,a,t,i,o,n, ,A,l,l,y, ,I,n,f,o,r,m,a,t,i,o,n, ,E,x,c,h,a,n,g,e


T,r,a,v,e,l, ,T,o,u,r,i,s,m, ,S,i,t,e

T,r,a,v,e,l, ,T,o,u,r,i,s,m, ,S,i,t,e,s
T,r,a,v,e,l, ,T,o,u,r,i,s,m, ,S,i,t,e
T,r,a,v,e,l, ,T,o,u,r,i,s,m, ,S,i,t,e,s
T,r,a,v,e,l, ,T,o,u,r,i,s,m, ,S,i,t,e
T,r,a,v,e,l, ,T,o,u,r,i,s,m, ,S,i,t,e,s
T,r,a,v,e,l, ,T,o,u,r,i,s,m, ,S,i,t,e
T,r,a,v,e,l, ,T,o,u,r,i,s,m, ,S,i,t,e,s
T,r,a,v,e,l, ,T,o,u,r,i,s,m, ,S,i,t,e
T,r,a,v,e,l, ,T,o,u,r,i,s,m, ,S,i,t,e
T,r,a,v,e,l, ,T,o,u,r,i,s,m, ,S,i,t,e
T,r,a,v,e,l, ,T,o,u,r,i,s,m, ,S,i,t,e
T,r,a,v,e,l, ,T,o,u,r,i,s,m, ,S,i,t,e
T,r,a,v,e,l, ,T,o,u,r,i,s,m, ,S,i,t,e
T,r,a,v,e,l, ,t,o,u,r,i,s,m, ,s,i,t,e, ,t,o,u,r,i,s,m, ,s,i,t,e, ,U,S
T,r,a,v,e,l, ,T,o,u,r,i,s,m, ,S,i,t,e
S,u,p,r,e,m,e, ,C,o,u,r,t, ,U,n,i,t,e,d, ,C,o,u,r,t, ,U,n,i,t,e,d, ,S,t,a,t,e,s
V,i,v,a, ,5,0,0, ,s,t,a,t,e,w,i,d,e, ,5,0,0, ,s,t,a,t,e,w,i,d,e, ,i,n,i,t,i,a,t,i,v,e, ,s,t,a,t,e,w,i,d,e, ,i,n,i,t,i,a,t,i,v,e, ,l,e,d, ,i,n,i,t,i,a,t,i,v,e, ,l,e,d, ,F,l,o,r,i,d,a, ,l,e,d, ,F,l,o,r,i,d,a, ,D,e,p,a,r,t,m,e,n,t, ,F,l,o,r,i,d,a, ,D,e,p,a,r,t,m,e,n,t, ,S,t,a,t,e
M,u,s,e,u,m, ,N,a,t,u,r,a,l, ,H,i,s,t,o,r,y, ,N,a,t,u,r,a,l, ,H,i,s,t,o,r,y, ,M,a,r,t,i,n,s,v,i,l,l,e
G,o,v,e,r,n,o,r,s, ,C,o,m,m,i,s,s,i,o,n, ,V,o,l,u,n,t,e,e,r,i,s,m, ,C,o,m,m,i,s,s,i,o,n, ,V,o,l,u,n,t,e,e,r,i,s,m, ,C,o,m,m,u,n,i,t,y, ,V,o,l,u,n,t,e,e,r,i,s,m, ,C,o,m,m,u,n,i,t,y, ,S,e,r,v,i,c,e

C,o,m,m,i,s,s,i,o,n, ,V,o,l,u,n,t,e,e,r,i,s,m, ,C,o,m,m,u,n,i,t,y, ,V,o,l,u,n,t,e,e,r,i,s,m, ,C,o,m,m,u,n,i,t,y, ,S,e,r,v,i,c,e
R,e,h,a,b,i,l,i,t,a,t,i,o,n, ,C,e,n,t,e,r, ,B,l,i,n,d, ,C,e,n,t,e,r, ,B,l,i,n,d, ,V,i,s,i,o,n, ,B,l,i,n,d, ,V,i,s,i,o,n, ,I,m,p,a,i,r,e,d
R,u,r,a,l, ,W,a,t,e,r, ,A,s,s,o,c,i,a,t,i,o,n






S,t,a,t,e, ,S,e,e,d, ,P,o,t,a,t,o, ,S,e,e,d, ,P,o,t,a,t,o, ,C,o,m,m,i,s,s,i,o,n
T,r,a,v,e,l, ,T,o,u,r,i,s,m, ,S,i,t,e
A,i,r, ,N,a,t,i,o,n,a,l, ,G,u,a,r,d
A,r,m,y, ,N,a,t,i,o,n,a,l, ,G,u,a,r,d

S,t,a,t,e, ,W,i,n,e, ,C,o,m,m,i,s,s,i,o,n
A,s,s,o,c,i,a,t,i,o,n, ,S,h,e,r,i,f,f,s, ,P,o,l,i,c,e, ,S,h,e,r,i,f,f,s, ,P,o,l,i,c,e, ,C,h,i,e,f,s

T,h,e, ,W,a,y, ,W,e, ,W,a,y, ,W,e, ,L,i,v,e,d
S,t,a,t,e, ,D,e,p,a,r,t,m,e,n,t, ,F,i,n,a,n,c,i,a,l, ,D,e,p,a,r,t,m,e,n,t, ,F,i,n,a,n,c,i,a,l, ,I,n,s,t,i,t,u,t,i,o,n,s
U,n,i,v,e,r,s,i,t,y, ,C,o,o,p,e,r,a,t,i,v,e, ,E,x,t,e,n,s,i,o,n
E,c,o,n,o,m,i,c, ,D,e,v,e,l,o,p,m,e,n,t, ,F,i,n,a,n,c,e, ,D,e,v,e,l,o,p,m,e,n,t, ,F,i,n,a,n,c,e, ,A,u,t,h,o,r,i,t,y
W,o,m,e,n,s, ,H,e,a,l,t,h, ,B,r,a,n,c,h
H,o,u,s,i,n,g, ,E,c,o,n,o,m,i,c, ,D,e,v,e,l,o,p,m,e,n,t, ,E,c,o,n,o,m,i,c, ,D,e,v,e,l,o,p,m,e,n,t, ,A,u,t,h,o,r,i,t,y
H,i,g,h,e,r, ,E,d,u,c,a,t,i,o,n, ,F,a,c,i,l,i,t,i,e,s, ,E,d,u,c,a,t,i,o,n, ,F,a,c,i,l,i,t,i,e,s, ,A,u,t,h,o,r,i,t,y
D,e,p,a,r,t,m,e,n,t, ,W,i,l,d,l,i,f,e, ,C,o,n,s,e,r,v,a,t,i,o,n, ,W,i,l,d,l,i,f,e, ,C,o,n,s,e,r,v,a,t,i,o,n, ,h,t,t,p,w,w,w,w,i,l,d,l,i,f,e,d,e,p,a,r,t,m,e,n,t,c,o,m



S,t,a,t,e, ,P,u,b,l,i,c, ,D,e,f,e,n,d,e,r,s, ,P,u,b,l,i,c, ,D,e,f,e,n,d,e,r,s, ,O,f,f,i,c,e
R,e,g,i,s,t,e,r, ,D,e,e,d,s, ,A,s,s,o,c,i,a,t,i,o,n
N,C, ,D,e,p,t, ,H,e,a,l,t,h, ,D,e,p,t, ,H,e,a,l,t,h, ,H,u,m,a,n, ,H,e,a,l,t,h, ,H,u,m,a,n, ,s,e,r,v,i,c,e,s
S,t,a,t,e, ,C,o,n,v,e,n,t,i,o,n, ,C,e,n,t,e,r
S,t,a,t,e, ,C,o,m,m,i,s,s,i,o,n, ,P,e,s,t,i,c,i,d,e, ,C,o,m,m,i,s,s,i,o,n, ,P,e,s,t,i,c,i,d,e, ,R,e,g,i,s,t,r,a,t,i,o,n
S,t,a,t,e, ,H,o,u,s,i,n,g, ,F,i,n,a,n,c,e, ,H,o,u,s,i,n,g, ,F,i,n,a,n,c,e, ,C,o,m,m,i,s,s,i,o,n
S,t,a,t,e, ,S,c,h,o,o,l, ,B,l,i,n,d


D,i,v,i,s,i,o,n, ,C,u,l,t,u,r,e, ,H,i,s,t,o,r,y
D,e,p,a,r,t,m,e,n,t, ,H,e,a,l,t,h, ,H,u,m,a,n, ,H,e,a,l,t,h, ,H,u,m,a,n, ,R,e,s,o,u,r,c,e,s
H,o,u,s,i,n,g, ,D,e,v,e,l,o,p,m,e,n,t, ,F,u,n,d
H,i,g,h,e,r, ,E,d,u,c,a,t,i,o,n, ,P,o,l,i,c,y, ,E,d,u,c,a,t,i,o,n, ,P,o,l,i,c,y, ,C,o,m,m,i,s,s,i,o,n


N,e,t,w,o,r,k, ,E,d,u,c,a,t,i,o,n,a,l, ,T,e,l,e,c,o,m,p,u,t,i,n,g
C,o,n,s,o,l,i,d,a,t,e,d, ,P,u,b,l,i,c, ,R,e,t,i,r,e,m,e,n,t, ,P,u,b,l,i,c, ,R,e,t,i,r,e,m,e,n,t, ,B,o,a,r,d

S,t,a,t,e, ,T,r,e,a,s,u,r,e,r,s, ,O,f,f,i,c,e
T,r,a,v,e,l, ,T,o,u,r,i,s,m, ,S,i,t,e
W,a,t,e,r, ,D,e,v,e,l,o,p,m,e,n,t, ,A,u,t,h,o,r,i,t,y
A,r,m,y, ,N,a,t,i,o,n,a,l, ,G,u,a,r,d

T,r,a,v,e,l, ,T,o,u,r,i,s,m, ,S,i,t,e
